"","Anonymized.ID","Sample.Type","Receptor.Status","LOH","PIK3CA","GATA3","MYC","CCND1","AGO2","CDH1","TP53","MDM2","ARID1A","MAP3K1","MAP2K4"
"1","A-ID-ZFIMB","Metastasis","HR+/HER2-",FALSE,"Missense_driver","No_Mut","No_Mut","No_Mut","No_Mut","No_Mut","No_Mut","No_Mut","No_Mut","No_Mut","No_Mut"
"2","A-ID-CW66C","Metastasis","HR+/HER2-",TRUE,"Missense_driver","No_Mut","Amplification","No_Mut","Amplification","No_Mut","No_Mut","No_Mut","No_Mut","No_Mut","Deletion"
"3","A-ID-5CF1Y","Metastasis","HR+/HER2-",TRUE,"No_Mut","Truncating_driver","No_Mut","No_Mut","No_Mut","No_Mut","No_Mut","No_Mut","No_Mut","No_Mut","No_Mut"
"4","A-ID-KXJQL","Metastasis","HR+/HER2-",FALSE,"No_Mut","Truncating_driver","No_Mut","Amplification","No_Mut","Truncating_driver","No_Mut","No_Mut","No_Mut","No_Mut","No_Mut"
"5","A-ID-Q1UJP","Primary","HR+/HER2-",TRUE,"No_Mut","No_Mut","No_Mut","No_Mut","No_Mut","No_Mut","No_Mut","No_Mut","No_Mut","No_Mut","No_Mut"
"6","A-ID-CS1HK","Metastasis","HR+/HER2-",TRUE,"No_Mut","No_Mut","No_Mut","Amplification","No_Mut","No_Mut","No_Mut","No_Mut","No_Mut","No_Mut","No_Mut"
"7","A-ID-N6Y1W","Primary","HR+/HER2-",TRUE,"Missense_driver","Truncating_driver","No_Mut","No_Mut","No_Mut","No_Mut","No_Mut","No_Mut","No_Mut","No_Mut","No_Mut"
"8","A-ID-7C5NE","Metastasis","HR+/HER2-",TRUE,"Missense_driver","No_Mut","Amplification","No_Mut","Amplification","No_Mut","No_Mut","No_Mut","No_Mut","No_Mut","No_Mut"
"9","A-ID-KQSUK","Primary","HR+/HER2-",TRUE,"No_Mut","No_Mut","No_Mut","No_Mut","No_Mut","No_Mut","No_Mut","No_Mut","No_Mut","No_Mut","No_Mut"
"10","A-ID-ETJPR","Primary","HR+/HER2-",TRUE,"No_Mut","No_Mut","No_Mut","No_Mut","No_Mut","No_Mut","No_Mut","No_Mut","No_Mut","No_Mut","No_Mut"
"11","A-ID-RNFO5","Metastasis","HR+/HER2-",TRUE,"No_Mut","No_Mut","Amplification","No_Mut","Amplification","No_Mut","No_Mut","No_Mut","No_Mut","No_Mut","No_Mut"
"12","A-ID-5GCRU","Metastasis","HR+/HER2-",TRUE,"No_Mut","No_Mut","No_Mut","Amplification","No_Mut","No_Mut","No_Mut","No_Mut","No_Mut","No_Mut","No_Mut"
"13","A-ID-TTVNH","Primary","HR+/HER2-",TRUE,"Missense_driver","No_Mut","No_Mut","No_Mut","No_Mut","No_Mut","No_Mut","No_Mut","No_Mut","No_Mut","No_Mut"
"14","A-ID-627ZI","Metastasis","HR+/HER2-",TRUE,"No_Mut","No_Mut","No_Mut","No_Mut","No_Mut","No_Mut","No_Mut","No_Mut","No_Mut","No_Mut","No_Mut"
"15","A-ID-9U6K6","Metastasis","HR+/HER2-",TRUE,"No_Mut","No_Mut","Amplification","No_Mut","Amplification","No_Mut","No_Mut","No_Mut","No_Mut","No_Mut","No_Mut"
"16","A-ID-48SQR","Primary","HR+/HER2-",TRUE,"No_Mut","No_Mut","No_Mut","No_Mut","No_Mut","No_Mut","No_Mut","No_Mut","No_Mut","No_Mut","No_Mut"
"17","A-ID-ZYND6","Primary","HR+/HER2-",TRUE,"Missense_driver","Truncating_driver","No_Mut","Amplification","No_Mut","No_Mut","No_Mut","No_Mut","No_Mut","No_Mut","No_Mut"
"18","A-ID-6X262","Metastasis","HER2+",TRUE,"No_Mut","Truncating_driver","No_Mut","No_Mut","No_Mut","No_Mut","No_Mut","No_Mut","No_Mut","No_Mut","No_Mut"
"19","A-ID-X8TAI","Metastasis","HR+/HER2-",TRUE,"No_Mut","No_Mut","Amplification","No_Mut","No_Mut","No_Mut","No_Mut","No_Mut","No_Mut","No_Mut","No_Mut"
"20","A-ID-UJSYT","Metastasis","HR+/HER2-",FALSE,"No_Mut","Splice_driver","No_Mut","No_Mut","No_Mut","No_Mut","No_Mut","No_Mut","No_Mut","No_Mut","No_Mut"
"21","A-ID-R467A","Metastasis","HR+/HER2-",TRUE,"No_Mut","Truncating_driver","No_Mut","No_Mut","No_Mut","Truncating_driver","No_Mut","No_Mut","No_Mut","No_Mut","No_Mut"
"22","A-ID-8SAQL","Primary","HR+/HER2-",TRUE,"Missense_driver","No_Mut","No_Mut","No_Mut","No_Mut","No_Mut","No_Mut","No_Mut","No_Mut","No_Mut","No_Mut"
"23","A-ID-KI8W1","Primary","HR+/HER2-",TRUE,"Missense_driver","Truncating_driver","No_Mut","No_Mut","No_Mut","No_Mut","No_Mut","No_Mut","No_Mut","No_Mut","No_Mut"
"24","A-ID-5UIDP","Metastasis","HR+/HER2-",TRUE,"Missense_driver","No_Mut","No_Mut","No_Mut","No_Mut","No_Mut","No_Mut","No_Mut","No_Mut","No_Mut","No_Mut"
"25","A-ID-KGP13","Primary","HR+/HER2-",TRUE,"No_Mut","No_Mut","No_Mut","No_Mut","No_Mut","No_Mut","No_Mut","No_Mut","No_Mut","No_Mut","No_Mut"
"26","A-ID-CACVY","Primary","HER2+",TRUE,"No_Mut","No_Mut","No_Mut","No_Mut","No_Mut","No_Mut","No_Mut","No_Mut","No_Mut","No_Mut","No_Mut"
"27","A-ID-8RUS0","Metastasis","HR+/HER2-",TRUE,"No_Mut","No_Mut","Amplification","Amplification","No_Mut","No_Mut","No_Mut","Amplification","No_Mut","No_Mut","No_Mut"
"28","A-ID-PA1YN","Metastasis","HR+/HER2-",TRUE,"Missense_driver","No_Mut","Amplification","No_Mut","No_Mut","No_Mut","No_Mut","No_Mut","No_Mut","No_Mut","No_Mut"
"29","A-ID-LZT2W","Metastasis","HR+/HER2-",TRUE,"No_Mut","No_Mut","No_Mut","No_Mut","No_Mut","No_Mut","No_Mut","No_Mut","No_Mut","No_Mut","No_Mut"
"30","A-ID-P6K1N","Metastasis","HER2+",FALSE,"No_Mut","No_Mut","No_Mut","No_Mut","No_Mut","No_Mut","Missense_driver","No_Mut","No_Mut","No_Mut","No_Mut"
"31","A-ID-53Q3A","Primary","HR+/HER2-",TRUE,"No_Mut","No_Mut","Amplification","Amplification","Amplification","No_Mut","No_Mut","No_Mut","No_Mut","No_Mut","No_Mut"
"32","A-ID-M3OM6","Metastasis","HR+/HER2-",TRUE,"No_Mut","Truncating_driver","No_Mut","No_Mut","No_Mut","No_Mut","No_Mut","Amplification","Truncating_driver","No_Mut","No_Mut"
"33","A-ID-X3CS2","Primary","HR+/HER2-",FALSE,"Missense_driver","Truncating_driver","No_Mut","No_Mut","No_Mut","No_Mut","No_Mut","No_Mut","No_Mut","No_Mut","No_Mut"
"34","A-ID-CLM95","Primary","HR+/HER2-",TRUE,"No_Mut","Truncating_driver","No_Mut","Amplification","No_Mut","No_Mut","No_Mut","No_Mut","No_Mut","No_Mut","No_Mut"
"35","A-ID-WAAY7","Primary","HR+/HER2-",TRUE,"No_Mut","No_Mut","No_Mut","No_Mut","No_Mut","No_Mut","No_Mut","No_Mut","No_Mut","No_Mut","No_Mut"
"36","A-ID-TESHX","Primary","HR+/HER2-",TRUE,"No_Mut","No_Mut","No_Mut","No_Mut","No_Mut","No_Mut","No_Mut","No_Mut","No_Mut","No_Mut","No_Mut"
"37","A-ID-VFOA2","Primary","HR+/HER2-",TRUE,"Missense_driver","No_Mut","No_Mut","No_Mut","No_Mut","No_Mut","No_Mut","Amplification","No_Mut","No_Mut","No_Mut"
"38","A-ID-S71MZ","Metastasis","HER2+",TRUE,"No_Mut","No_Mut","No_Mut","No_Mut","No_Mut","No_Mut","No_Mut","No_Mut","No_Mut","No_Mut","No_Mut"
"39","A-ID-8P7Z7","Metastasis","HR+/HER2-",FALSE,"Missense_driver","No_Mut","No_Mut","No_Mut","No_Mut","Splice_driver","No_Mut","No_Mut","No_Mut","No_Mut","No_Mut"
"40","A-ID-IQ5E3","Metastasis","HR+/HER2-",TRUE,"No_Mut","Truncating_driver","No_Mut","Amplification","No_Mut","No_Mut","No_Mut","No_Mut","No_Mut","No_Mut","No_Mut"
"41","A-ID-67S88","Primary","HR+/HER2-",TRUE,"No_Mut","No_Mut","No_Mut","No_Mut","No_Mut","No_Mut","No_Mut","No_Mut","No_Mut","No_Mut","No_Mut"
"42","A-ID-9K6DK","Metastasis","HR+/HER2-",TRUE,"No_Mut","No_Mut","No_Mut","No_Mut","No_Mut","No_Mut","Missense_driver","No_Mut","No_Mut","No_Mut","No_Mut"
"43","A-ID-YPU0K","Metastasis","HER2+",TRUE,"No_Mut","No_Mut","Amplification","No_Mut","Amplification","No_Mut","No_Mut","No_Mut","No_Mut","No_Mut","No_Mut"
"44","A-ID-XG4Q1","Metastasis","HER2+",TRUE,"No_Mut","Truncating_driver","No_Mut","Amplification","No_Mut","No_Mut","No_Mut","No_Mut","No_Mut","No_Mut","No_Mut"
"45","A-ID-JH7OJ","Primary","HR+/HER2-",TRUE,"Missense_driver","No_Mut","Amplification","No_Mut","No_Mut","No_Mut","No_Mut","No_Mut","No_Mut","No_Mut","No_Mut"
"46","A-ID-TFRHA","Metastasis","TNBC",FALSE,"Missense_driver","No_Mut","Amplification","No_Mut","Amplification","No_Mut","Truncating_driver","No_Mut","No_Mut","Truncating_driver","No_Mut"
"47","A-ID-RYWLP","Primary","HER2+",TRUE,"No_Mut","No_Mut","No_Mut","Amplification","No_Mut","No_Mut","No_Mut","Amplification","No_Mut","No_Mut","No_Mut"
"48","A-ID-VMSSU","Primary","HR+/HER2-",FALSE,"Missense_driver","No_Mut","No_Mut","No_Mut","No_Mut","Truncating_driver","No_Mut","No_Mut","Truncating_driver","Truncating_driver","No_Mut"
"49","A-ID-OO8IY","Primary","HER2+",FALSE,"Missense_driver","No_Mut","No_Mut","No_Mut","No_Mut","No_Mut","No_Mut","No_Mut","No_Mut","No_Mut","No_Mut"
"50","A-ID-YGZ2V","Metastasis","HR+/HER2-",FALSE,"No_Mut","No_Mut","No_Mut","No_Mut","No_Mut","Truncating_driver","No_Mut","No_Mut","No_Mut","No_Mut","No_Mut"
"51","A-ID-6CN1K","Primary","HER2+",TRUE,"No_Mut","No_Mut","Amplification","No_Mut","No_Mut","No_Mut","No_Mut","No_Mut","No_Mut","No_Mut","No_Mut"
"52","A-ID-Q1FX9","Primary","HR+/HER2-",TRUE,"Missense_driver","No_Mut","No_Mut","Amplification","No_Mut","No_Mut","No_Mut","No_Mut","No_Mut","No_Mut","No_Mut"
"53","A-ID-GH58X","Primary","HR+/HER2-",TRUE,"Missense_driver","No_Mut","No_Mut","No_Mut","No_Mut","No_Mut","No_Mut","No_Mut","No_Mut","No_Mut","No_Mut"
"54","A-ID-A8TUJ","Primary","HER2+",TRUE,"No_Mut","No_Mut","No_Mut","No_Mut","No_Mut","No_Mut","No_Mut","No_Mut","No_Mut","No_Mut","No_Mut"
"55","A-ID-DX0CX","Metastasis","HER2+",FALSE,"No_Mut","No_Mut","No_Mut","No_Mut","No_Mut","No_Mut","No_Mut","No_Mut","No_Mut","No_Mut","No_Mut"
"56","A-ID-ATD9J","Metastasis","TNBC",FALSE,"No_Mut","No_Mut","No_Mut","No_Mut","No_Mut","No_Mut","Missense_driver","No_Mut","No_Mut","No_Mut","No_Mut"
"57","A-ID-TCTA1","Metastasis","HER2+",TRUE,"No_Mut","No_Mut","No_Mut","No_Mut","No_Mut","No_Mut","No_Mut","No_Mut","No_Mut","No_Mut","No_Mut"
"58","A-ID-RNM7A","Primary","HER2+",TRUE,"No_Mut","Truncating_driver","No_Mut","No_Mut","No_Mut","No_Mut","No_Mut","No_Mut","No_Mut","No_Mut","No_Mut"
"59","A-ID-LXUT0","Primary","HER2+",FALSE,"No_Mut","No_Mut","No_Mut","No_Mut","No_Mut","No_Mut","No_Mut","No_Mut","No_Mut","No_Mut","No_Mut"
"60","A-ID-IZVCY","Primary","HER2+",FALSE,"No_Mut","No_Mut","No_Mut","No_Mut","No_Mut","No_Mut","Missense_driver","No_Mut","No_Mut","No_Mut","No_Mut"
