"","Anonymized.ID","Sample.Type","Receptor.Status","LOH","RB1","MYC","AURKA","PIK3CA","PTEN","GATA3","CDH1","ARID1A","ESR1","ERBB2","EGFR","NF1"
"1","A-ID-II12V","Primary","HR+/HER2-",TRUE,"No_Mut","No_Mut","No_Mut","No_Mut","No_Mut","No_Mut","No_Mut","No_Mut","No_Mut","No_Mut","No_Mut","No_Mut"
"2","A-ID-NQ2ZU","Metastasis","HR+/HER2-",TRUE,"No_Mut","No_Mut","No_Mut","No_Mut","Splice_driver","No_Mut","No_Mut","No_Mut","No_Mut","No_Mut","No_Mut","No_Mut"
"3","A-ID-P7BV7","Metastasis","HR+/HER2-",TRUE,"No_Mut","No_Mut","No_Mut","No_Mut","Deletion","No_Mut","No_Mut","Truncating_driver","No_Mut","No_Mut","No_Mut","No_Mut"
"4","A-ID-CNXS5","Metastasis","HR+/HER2-",FALSE,"No_Mut","No_Mut","No_Mut","No_Mut","No_Mut","Truncating_driver","No_Mut","No_Mut","No_Mut","No_Mut","No_Mut","No_Mut"
"5","A-ID-KPS9I","Metastasis","HR+/HER2-",TRUE,"No_Mut","Amplification","No_Mut","No_Mut","No_Mut","No_Mut","No_Mut","Truncating_driver","Missense_driver","No_Mut","No_Mut","No_Mut"
"6","A-ID-VE4XO","Metastasis","HR+/HER2-",TRUE,"Truncating_driver","Amplification","No_Mut","No_Mut","No_Mut","No_Mut","No_Mut","No_Mut","No_Mut","No_Mut","No_Mut","No_Mut"
"7","A-ID-PCGOS","Primary","HR+/HER2-",TRUE,"No_Mut","No_Mut","No_Mut","No_Mut","No_Mut","No_Mut","No_Mut","No_Mut","No_Mut","No_Mut","No_Mut","No_Mut"
"8","A-ID-NYAUZ","Metastasis","HR+/HER2-",TRUE,"No_Mut","No_Mut","No_Mut","Missense_driver","No_Mut","No_Mut","No_Mut","No_Mut","No_Mut","No_Mut","No_Mut","No_Mut"
"9","A-ID-989UQ","Metastasis","HR+/HER2-",TRUE,"Truncating_driver","No_Mut","No_Mut","No_Mut","Truncating_driver","No_Mut","No_Mut","No_Mut","No_Mut","No_Mut","No_Mut","No_Mut"
"10","A-ID-H28U3","Metastasis","HR+/HER2-",TRUE,"Truncating_driver","No_Mut","No_Mut","No_Mut","No_Mut","No_Mut","No_Mut","No_Mut","No_Mut","No_Mut","No_Mut","No_Mut"
"11","A-ID-BAD0J","Metastasis","HR+/HER2-",TRUE,"No_Mut","No_Mut","No_Mut","No_Mut","No_Mut","No_Mut","No_Mut","No_Mut","No_Mut","No_Mut","No_Mut","No_Mut"
"12","A-ID-U6CO6","Metastasis","HR+/HER2-",FALSE,"No_Mut","No_Mut","No_Mut","No_Mut","No_Mut","No_Mut","No_Mut","No_Mut","No_Mut","No_Mut","No_Mut","No_Mut"
"13","A-ID-7X2ZT","Metastasis","HR+/HER2-",TRUE,"No_Mut","Amplification","No_Mut","No_Mut","No_Mut","No_Mut","Splice_driver","No_Mut","No_Mut","No_Mut","No_Mut","No_Mut"
"14","A-ID-00Z40","Metastasis","HR+/HER2-",TRUE,"No_Mut","No_Mut","No_Mut","No_Mut","No_Mut","No_Mut","Splice_driver","No_Mut","No_Mut","No_Mut","No_Mut","No_Mut"
"15","A-ID-QSCBB","Metastasis","HR+/HER2-",TRUE,"No_Mut","No_Mut","No_Mut","No_Mut","No_Mut","No_Mut","No_Mut","No_Mut","Missense_driver","No_Mut","No_Mut","No_Mut"
"16","A-ID-LPEYK","Metastasis","HR+/HER2-",TRUE,"No_Mut","No_Mut","No_Mut","No_Mut","No_Mut","No_Mut","Truncating_driver","No_Mut","No_Mut","No_Mut","No_Mut","No_Mut"
"17","A-ID-9KYUD","Metastasis","HR+/HER2-",TRUE,"No_Mut","Amplification","No_Mut","No_Mut","No_Mut","No_Mut","No_Mut","No_Mut","Missense_driver","No_Mut","No_Mut","No_Mut"
"18","A-ID-NDY2L","Metastasis","HR+/HER2-",TRUE,"No_Mut","Amplification","No_Mut","No_Mut","No_Mut","No_Mut","No_Mut","No_Mut","No_Mut","No_Mut","No_Mut","Fusion"
"19","A-ID-B5MC3","Metastasis","HR+/HER2-",TRUE,"Deletion","Amplification","No_Mut","No_Mut","Truncating_driver","No_Mut","No_Mut","No_Mut","No_Mut","No_Mut","No_Mut","No_Mut"
"20","A-ID-CYPVE","Metastasis","HR+/HER2-",TRUE,"No_Mut","No_Mut","No_Mut","No_Mut","No_Mut","Truncating_driver","No_Mut","No_Mut","Missense_driver","No_Mut","No_Mut","No_Mut"
"21","A-ID-R8X4Y","Metastasis","HR+/HER2-",TRUE,"Deletion","No_Mut","No_Mut","Missense_driver","No_Mut","Truncating_driver","No_Mut","No_Mut","No_Mut","No_Mut","No_Mut","No_Mut"
"22","A-ID-XRPMX","Metastasis","HR+/HER2-",TRUE,"No_Mut","No_Mut","No_Mut","No_Mut","No_Mut","No_Mut","No_Mut","Truncating_driver","Missense_driver","No_Mut","No_Mut","No_Mut"
"23","A-ID-7WXZO","Metastasis","HR+/HER2-",TRUE,"Truncating_driver","Amplification","No_Mut","No_Mut","Truncating_driver","No_Mut","Truncating_driver","No_Mut","No_Mut","No_Mut","No_Mut","No_Mut"
"24","A-ID-WADFS","Metastasis","HR+/HER2-",FALSE,"No_Mut","No_Mut","No_Mut","No_Mut","No_Mut","No_Mut","No_Mut","No_Mut","No_Mut","No_Mut","No_Mut","No_Mut"
"25","A-ID-O1YVI","Primary","HR+/HER2-",TRUE,"No_Mut","No_Mut","No_Mut","No_Mut","No_Mut","No_Mut","No_Mut","No_Mut","No_Mut","No_Mut","No_Mut","No_Mut"
"26","A-ID-KGCRN","Metastasis","HR+/HER2-",TRUE,"No_Mut","No_Mut","No_Mut","No_Mut","No_Mut","No_Mut","No_Mut","Truncating_driver","No_Mut","No_Mut","No_Mut","No_Mut"
"27","A-ID-PZ8FU","Metastasis","HR+/HER2-",TRUE,"No_Mut","Amplification","Amplification","No_Mut","No_Mut","No_Mut","No_Mut","No_Mut","No_Mut","No_Mut","No_Mut","No_Mut"
"28","A-ID-8Z352","Metastasis","HR+/HER2-",TRUE,"No_Mut","Amplification","Amplification","No_Mut","No_Mut","No_Mut","No_Mut","No_Mut","Inframe_driver","No_Mut","No_Mut","No_Mut"
"29","A-ID-HIC51","Metastasis","HR+/HER2-",FALSE,"No_Mut","No_Mut","No_Mut","Missense_driver","No_Mut","No_Mut","No_Mut","No_Mut","No_Mut","No_Mut","No_Mut","No_Mut"
"30","A-ID-Q9558","Metastasis","HR+/HER2-",TRUE,"No_Mut","No_Mut","No_Mut","No_Mut","No_Mut","No_Mut","No_Mut","No_Mut","No_Mut","No_Mut","No_Mut","No_Mut"
"31","A-ID-T9MWE","Metastasis","HR+/HER2-",TRUE,"No_Mut","No_Mut","No_Mut","No_Mut","No_Mut","No_Mut","No_Mut","No_Mut","No_Mut","No_Mut","No_Mut","No_Mut"
"32","A-ID-5W3PF","Metastasis","HR+/HER2-",FALSE,"No_Mut","No_Mut","Amplification","Missense_driver","No_Mut","No_Mut","No_Mut","No_Mut","Missense_driver","No_Mut","No_Mut","No_Mut"
"33","A-ID-A64V5","Metastasis","HR+/HER2-",TRUE,"No_Mut","No_Mut","No_Mut","No_Mut","No_Mut","No_Mut","No_Mut","No_Mut","No_Mut","No_Mut","No_Mut","No_Mut"
"34","A-ID-NKHSM","Metastasis","HR+/HER2-",TRUE,"No_Mut","No_Mut","No_Mut","No_Mut","No_Mut","No_Mut","No_Mut","Truncating_driver","No_Mut","No_Mut","No_Mut","No_Mut"
"35","A-ID-8PU4S","Metastasis","HR+/HER2-",FALSE,"Truncating_driver","No_Mut","No_Mut","No_Mut","No_Mut","No_Mut","No_Mut","No_Mut","No_Mut","No_Mut","No_Mut","No_Mut"
"36","A-ID-KV08E","Primary","HR+/HER2-",TRUE,"No_Mut","No_Mut","No_Mut","No_Mut","No_Mut","No_Mut","No_Mut","No_Mut","No_Mut","No_Mut","No_Mut","No_Mut"
"37","A-ID-HTHWV","Metastasis","HR+/HER2-",TRUE,"No_Mut","Amplification","No_Mut","No_Mut","No_Mut","No_Mut","No_Mut","No_Mut","No_Mut","No_Mut","No_Mut","No_Mut"
"38","A-ID-K7CUE","Metastasis","HR+/HER2-",TRUE,"No_Mut","No_Mut","No_Mut","No_Mut","No_Mut","No_Mut","No_Mut","No_Mut","No_Mut","No_Mut","No_Mut","No_Mut"
"39","A-ID-HOVME","Metastasis","HR+/HER2-",TRUE,"No_Mut","No_Mut","No_Mut","No_Mut","No_Mut","No_Mut","No_Mut","No_Mut","No_Mut","No_Mut","No_Mut","No_Mut"
"40","A-ID-55E8D","Metastasis","HR+/HER2-",TRUE,"No_Mut","No_Mut","No_Mut","No_Mut","No_Mut","No_Mut","No_Mut","No_Mut","Missense_driver","No_Mut","No_Mut","No_Mut"
"41","A-ID-WLB3G","Metastasis","HR+/HER2-",TRUE,"No_Mut","No_Mut","No_Mut","No_Mut","No_Mut","No_Mut","No_Mut","No_Mut","No_Mut","No_Mut","No_Mut","No_Mut"
"42","A-ID-8FH2F","Metastasis","HR+/HER2-",TRUE,"No_Mut","No_Mut","No_Mut","No_Mut","No_Mut","No_Mut","No_Mut","No_Mut","Missense_driver","No_Mut","No_Mut","No_Mut"
"43","A-ID-09EPY","Metastasis","HR+/HER2-",TRUE,"No_Mut","No_Mut","No_Mut","No_Mut","No_Mut","Truncating_driver","No_Mut","No_Mut","No_Mut","No_Mut","No_Mut","No_Mut"
"44","A-ID-QDIME","Metastasis","HR+/HER2-",TRUE,"No_Mut","No_Mut","No_Mut","No_Mut","No_Mut","No_Mut","No_Mut","No_Mut","No_Mut","No_Mut","No_Mut","No_Mut"
"45","A-ID-DJDOO","Primary","HR+/HER2-",TRUE,"No_Mut","No_Mut","No_Mut","No_Mut","No_Mut","No_Mut","No_Mut","No_Mut","No_Mut","No_Mut","No_Mut","No_Mut"
"46","A-ID-8KDCO","Metastasis","HR+/HER2-",TRUE,"No_Mut","No_Mut","No_Mut","No_Mut","No_Mut","No_Mut","No_Mut","No_Mut","No_Mut","No_Mut","No_Mut","No_Mut"
"47","A-ID-JHHYW","Metastasis","HR+/HER2-",TRUE,"Truncating_driver","Amplification","No_Mut","Missense_driver","No_Mut","No_Mut","No_Mut","No_Mut","No_Mut","No_Mut","No_Mut","No_Mut"
"48","A-ID-6GUHM","Metastasis","HR+/HER2-",FALSE,"No_Mut","No_Mut","No_Mut","No_Mut","No_Mut","Truncating_driver","No_Mut","No_Mut","Missense_driver","No_Mut","No_Mut","No_Mut"
"49","A-ID-TPJ52","Metastasis","HR+/HER2-",FALSE,"No_Mut","Amplification","No_Mut","No_Mut","No_Mut","No_Mut","No_Mut","No_Mut","No_Mut","No_Mut","No_Mut","No_Mut"
"50","A-ID-TTR8A","Primary","HR+/HER2-",FALSE,"No_Mut","No_Mut","No_Mut","No_Mut","No_Mut","Truncating_driver","No_Mut","No_Mut","No_Mut","No_Mut","No_Mut","No_Mut"
"51","A-ID-9IH53","Metastasis","HR+/HER2-",TRUE,"Truncating_driver","No_Mut","No_Mut","Missense_driver","Missense_driver","No_Mut","No_Mut","No_Mut","No_Mut","No_Mut","No_Mut","No_Mut"
"52","A-ID-R2HGV","Metastasis","HR+/HER2-",FALSE,"No_Mut","No_Mut","No_Mut","No_Mut","No_Mut","Truncating_driver","No_Mut","No_Mut","No_Mut","No_Mut","No_Mut","No_Mut"
"53","A-ID-ONZXE","Metastasis","HR+/HER2-",TRUE,"No_Mut","Amplification","No_Mut","Inframe_driver","No_Mut","No_Mut","Deletion","Truncating_driver","No_Mut","No_Mut","No_Mut","No_Mut"
"54","A-ID-2ZCVK","Primary","HR+/HER2-",TRUE,"No_Mut","Amplification","No_Mut","Missense_driver","No_Mut","No_Mut","No_Mut","No_Mut","No_Mut","No_Mut","No_Mut","No_Mut"
"55","A-ID-1J77X","Metastasis","HR+/HER2-",TRUE,"Fusion","No_Mut","No_Mut","Missense_driver","No_Mut","No_Mut","No_Mut","No_Mut","No_Mut","No_Mut","No_Mut","No_Mut"
"56","A-ID-1MA40","Metastasis","HR+/HER2-",TRUE,"No_Mut","No_Mut","No_Mut","No_Mut","No_Mut","No_Mut","No_Mut","No_Mut","Fusion","No_Mut","No_Mut","No_Mut"
"57","A-ID-TBKA8","Metastasis","HR+/HER2-",FALSE,"No_Mut","Amplification","No_Mut","Missense_driver","No_Mut","No_Mut","No_Mut","No_Mut","No_Mut","No_Mut","No_Mut","No_Mut"
"58","A-ID-G8EXH","Primary","HR+/HER2-",TRUE,"Splice_driver","No_Mut","No_Mut","No_Mut","No_Mut","No_Mut","No_Mut","No_Mut","No_Mut","No_Mut","No_Mut","No_Mut"
"59","A-ID-GKW8C","Metastasis","HR+/HER2-",TRUE,"Truncating_driver","No_Mut","No_Mut","Missense_driver","No_Mut","No_Mut","No_Mut","No_Mut","No_Mut","No_Mut","No_Mut","No_Mut"
"60","A-ID-5EQFC","Metastasis","TNBC",TRUE,"Splice_driver","No_Mut","No_Mut","Missense_driver","No_Mut","No_Mut","No_Mut","No_Mut","No_Mut","No_Mut","No_Mut","No_Mut"
"61","A-ID-P161R","Primary","HR+/HER2-",TRUE,"No_Mut","No_Mut","No_Mut","No_Mut","No_Mut","No_Mut","No_Mut","No_Mut","No_Mut","No_Mut","No_Mut","No_Mut"
"62","A-ID-R4YMX","Metastasis","HR+/HER2-",TRUE,"No_Mut","No_Mut","Amplification","No_Mut","No_Mut","No_Mut","No_Mut","No_Mut","No_Mut","No_Mut","No_Mut","No_Mut"
"63","A-ID-E5V1T","Primary","HR+/HER2-",TRUE,"No_Mut","Amplification","No_Mut","No_Mut","No_Mut","No_Mut","No_Mut","No_Mut","No_Mut","No_Mut","No_Mut","No_Mut"
"64","A-ID-X8TAI","Metastasis","HR+/HER2-",TRUE,"No_Mut","Amplification","No_Mut","No_Mut","No_Mut","No_Mut","No_Mut","No_Mut","Fusion","No_Mut","No_Mut","No_Mut"
"65","A-ID-JB0TM","Metastasis","HR+/HER2-",FALSE,"No_Mut","No_Mut","No_Mut","No_Mut","Deletion","No_Mut","No_Mut","No_Mut","No_Mut","No_Mut","No_Mut","No_Mut"
"66","A-ID-N30W0","Metastasis","TNBC",TRUE,"No_Mut","Amplification","No_Mut","No_Mut","No_Mut","No_Mut","No_Mut","No_Mut","No_Mut","No_Mut","No_Mut","No_Mut"
"67","A-ID-CO60Q","Metastasis","HR+/HER2-",TRUE,"No_Mut","No_Mut","No_Mut","No_Mut","No_Mut","No_Mut","No_Mut","No_Mut","No_Mut","No_Mut","No_Mut","No_Mut"
"68","A-ID-77O6V","Primary","TNBC",TRUE,"No_Mut","No_Mut","No_Mut","No_Mut","No_Mut","No_Mut","No_Mut","No_Mut","No_Mut","No_Mut","No_Mut","No_Mut"
"69","A-ID-Y0Q0W","Primary","TNBC",TRUE,"Truncating_driver","No_Mut","No_Mut","Missense_driver","No_Mut","No_Mut","Deletion","Truncating_driver","No_Mut","No_Mut","No_Mut","No_Mut"
"70","A-ID-7NIMZ","Metastasis","HR+/HER2-",FALSE,"No_Mut","No_Mut","No_Mut","No_Mut","No_Mut","No_Mut","No_Mut","No_Mut","No_Mut","No_Mut","No_Mut","No_Mut"
"71","A-ID-XWF4J","Metastasis","HER2+",TRUE,"No_Mut","No_Mut","No_Mut","No_Mut","Missense_driver","No_Mut","No_Mut","No_Mut","No_Mut","Amplification","No_Mut","No_Mut"
"72","A-ID-PYGDB","Primary","HR+/HER2-",TRUE,"Truncating_driver","No_Mut","No_Mut","Missense_driver","No_Mut","No_Mut","No_Mut","No_Mut","No_Mut","No_Mut","No_Mut","No_Mut"
"73","A-ID-PL9A4","Metastasis","HR+/HER2-",TRUE,"No_Mut","No_Mut","No_Mut","No_Mut","No_Mut","No_Mut","No_Mut","No_Mut","No_Mut","No_Mut","No_Mut","No_Mut"
"74","A-ID-1UT6L","Primary","HR+/HER2-",TRUE,"No_Mut","No_Mut","No_Mut","No_Mut","Deletion","No_Mut","Deletion","No_Mut","No_Mut","No_Mut","No_Mut","No_Mut"
"75","A-ID-BL4NG","Primary","HR+/HER2-",TRUE,"No_Mut","No_Mut","Amplification","No_Mut","No_Mut","No_Mut","No_Mut","No_Mut","No_Mut","No_Mut","No_Mut","No_Mut"
"76","A-ID-6LE4Z","Metastasis","TNBC",FALSE,"No_Mut","No_Mut","No_Mut","No_Mut","No_Mut","No_Mut","Deletion","No_Mut","No_Mut","No_Mut","No_Mut","No_Mut"
"77","A-ID-ONDLK","Primary","HR+/HER2-",FALSE,"No_Mut","No_Mut","Amplification","No_Mut","No_Mut","No_Mut","No_Mut","Truncating_driver","No_Mut","No_Mut","No_Mut","No_Mut"
"78","A-ID-86122","Primary","HR+/HER2-",TRUE,"No_Mut","No_Mut","No_Mut","No_Mut","No_Mut","No_Mut","No_Mut","No_Mut","No_Mut","No_Mut","No_Mut","No_Mut"
"79","A-ID-X0D2Y","Primary","HER2+",TRUE,"No_Mut","No_Mut","No_Mut","No_Mut","No_Mut","No_Mut","No_Mut","No_Mut","No_Mut","No_Mut","No_Mut","No_Mut"
"80","A-ID-VBMPE","Primary","TNBC",FALSE,"No_Mut","No_Mut","No_Mut","No_Mut","No_Mut","No_Mut","No_Mut","No_Mut","No_Mut","No_Mut","No_Mut","No_Mut"
"81","A-ID-TYKPC","Primary","HR+/HER2-",TRUE,"No_Mut","No_Mut","No_Mut","No_Mut","No_Mut","No_Mut","No_Mut","No_Mut","No_Mut","No_Mut","No_Mut","No_Mut"
"82","A-ID-JO3MX","Metastasis","HER2+",TRUE,"No_Mut","No_Mut","No_Mut","No_Mut","No_Mut","No_Mut","Fusion","No_Mut","No_Mut","No_Mut","No_Mut","No_Mut"
"83","A-ID-VJD7Y","Metastasis","HR+/HER2-",TRUE,"No_Mut","Amplification","No_Mut","No_Mut","No_Mut","No_Mut","No_Mut","No_Mut","No_Mut","No_Mut","No_Mut","No_Mut"
"84","A-ID-C0EG6","Primary","HER2+",TRUE,"No_Mut","Amplification","No_Mut","No_Mut","No_Mut","No_Mut","No_Mut","No_Mut","No_Mut","Amplification","No_Mut","No_Mut"
"85","A-ID-L8HXJ","Primary","HR+/HER2-",TRUE,"No_Mut","Amplification","No_Mut","No_Mut","No_Mut","No_Mut","No_Mut","No_Mut","No_Mut","No_Mut","No_Mut","No_Mut"
"86","A-ID-T79WY","Metastasis","TNBC",TRUE,"No_Mut","No_Mut","No_Mut","No_Mut","No_Mut","No_Mut","No_Mut","No_Mut","No_Mut","No_Mut","No_Mut","No_Mut"
"87","A-ID-3K1PJ","Metastasis","HR+/HER2-",FALSE,"No_Mut","No_Mut","No_Mut","No_Mut","No_Mut","No_Mut","No_Mut","No_Mut","No_Mut","No_Mut","No_Mut","No_Mut"
"88","A-ID-EMM3D","Primary","HR+/HER2-",FALSE,"Truncating_driver","Amplification","No_Mut","No_Mut","No_Mut","No_Mut","No_Mut","No_Mut","No_Mut","No_Mut","No_Mut","No_Mut"
"89","A-ID-DUQTD","Metastasis","HR+/HER2-",FALSE,"No_Mut","No_Mut","No_Mut","No_Mut","No_Mut","No_Mut","No_Mut","No_Mut","No_Mut","No_Mut","No_Mut","No_Mut"
"90","A-ID-ACD2D","Metastasis","HR+/HER2-",TRUE,"No_Mut","Amplification","No_Mut","Missense_driver","Fusion","No_Mut","No_Mut","No_Mut","No_Mut","No_Mut","No_Mut","No_Mut"
"91","A-ID-DGZGI","Primary","HR+/HER2-",TRUE,"No_Mut","No_Mut","No_Mut","No_Mut","No_Mut","No_Mut","No_Mut","No_Mut","No_Mut","No_Mut","No_Mut","No_Mut"
"92","A-ID-TM56V","Metastasis","HR+/HER2-",FALSE,"Deletion","No_Mut","No_Mut","No_Mut","Deletion","No_Mut","No_Mut","No_Mut","No_Mut","No_Mut","No_Mut","No_Mut"
"93","A-ID-FWREI","Primary","HR+/HER2-",TRUE,"No_Mut","No_Mut","No_Mut","No_Mut","No_Mut","No_Mut","No_Mut","No_Mut","No_Mut","No_Mut","No_Mut","No_Mut"
"94","A-ID-LLKVL","Metastasis","HR+/HER2-",TRUE,"No_Mut","No_Mut","No_Mut","No_Mut","No_Mut","No_Mut","No_Mut","No_Mut","No_Mut","No_Mut","No_Mut","No_Mut"
"95","A-ID-Q171A","Metastasis","TNBC",TRUE,"Fusion","No_Mut","No_Mut","No_Mut","No_Mut","No_Mut","No_Mut","No_Mut","No_Mut","No_Mut","No_Mut","No_Mut"
"96","A-ID-NL4MC","Metastasis","HR+/HER2-",FALSE,"No_Mut","No_Mut","No_Mut","No_Mut","No_Mut","No_Mut","No_Mut","No_Mut","No_Mut","Inframe_driver","No_Mut","No_Mut"
"97","A-ID-4ENMW","Primary","HR+/HER2-",TRUE,"No_Mut","Amplification","No_Mut","No_Mut","No_Mut","No_Mut","No_Mut","No_Mut","No_Mut","No_Mut","No_Mut","No_Mut"
"98","A-ID-8U4B3","Metastasis","HR+/HER2-",FALSE,"No_Mut","No_Mut","No_Mut","No_Mut","No_Mut","No_Mut","No_Mut","No_Mut","Missense_driver","No_Mut","No_Mut","No_Mut"
"99","A-ID-DVEWD","Primary","HR+/HER2-",TRUE,"No_Mut","No_Mut","No_Mut","Missense_driver","Truncating_driver","No_Mut","No_Mut","No_Mut","No_Mut","No_Mut","No_Mut","No_Mut"
"100","A-ID-W39DS","Primary","HR+/HER2-",FALSE,"No_Mut","No_Mut","No_Mut","No_Mut","No_Mut","No_Mut","No_Mut","No_Mut","No_Mut","No_Mut","No_Mut","No_Mut"
"101","A-ID-01IXI","Metastasis","HER2+",FALSE,"No_Mut","No_Mut","No_Mut","No_Mut","No_Mut","No_Mut","No_Mut","No_Mut","No_Mut","Amplification","No_Mut","No_Mut"
"102","A-ID-WOV3G","Metastasis","HR+/HER2-",FALSE,"No_Mut","No_Mut","No_Mut","No_Mut","No_Mut","No_Mut","No_Mut","No_Mut","No_Mut","No_Mut","No_Mut","No_Mut"
"103","A-ID-S88ZE","Metastasis","HR+/HER2-",TRUE,"No_Mut","No_Mut","No_Mut","No_Mut","No_Mut","No_Mut","No_Mut","No_Mut","No_Mut","No_Mut","No_Mut","No_Mut"
"104","A-ID-M7CG7","Metastasis","HER2+",TRUE,"No_Mut","Amplification","No_Mut","No_Mut","No_Mut","No_Mut","No_Mut","No_Mut","No_Mut","No_Mut","No_Mut","No_Mut"
"105","A-ID-U8B6X","Metastasis","HR+/HER2-",TRUE,"No_Mut","No_Mut","Amplification","No_Mut","No_Mut","No_Mut","No_Mut","No_Mut","Missense_driver","No_Mut","No_Mut","No_Mut"
"106","A-ID-LOCZC","Metastasis","HER2+",TRUE,"No_Mut","No_Mut","No_Mut","Missense_driver","No_Mut","No_Mut","No_Mut","No_Mut","No_Mut","Amplification","No_Mut","No_Mut"
"107","A-ID-EP5BB","Metastasis","TNBC",FALSE,"No_Mut","No_Mut","No_Mut","No_Mut","No_Mut","No_Mut","No_Mut","No_Mut","No_Mut","No_Mut","No_Mut","No_Mut"
"108","A-ID-VEZDB","Metastasis","TNBC",FALSE,"No_Mut","No_Mut","No_Mut","No_Mut","No_Mut","No_Mut","No_Mut","No_Mut","No_Mut","No_Mut","No_Mut","No_Mut"
"109","A-ID-0FVHY","Metastasis","HR+/HER2-",TRUE,"No_Mut","No_Mut","No_Mut","No_Mut","No_Mut","No_Mut","No_Mut","No_Mut","Missense_driver","No_Mut","No_Mut","No_Mut"
"110","A-ID-9CD6P","Primary","HR+/HER2-",TRUE,"No_Mut","Amplification","No_Mut","No_Mut","No_Mut","No_Mut","Truncating_driver","No_Mut","No_Mut","No_Mut","No_Mut","No_Mut"
"111","A-ID-Q9GS0","Primary","HR+/HER2-",FALSE,"No_Mut","No_Mut","No_Mut","No_Mut","No_Mut","No_Mut","No_Mut","No_Mut","No_Mut","No_Mut","No_Mut","No_Mut"
"112","A-ID-0A7F5","Metastasis","HR+/HER2-",TRUE,"No_Mut","No_Mut","No_Mut","No_Mut","No_Mut","Truncating_driver","No_Mut","No_Mut","No_Mut","No_Mut","No_Mut","No_Mut"
"113","A-ID-R05FQ","Metastasis","TNBC",FALSE,"No_Mut","No_Mut","No_Mut","No_Mut","No_Mut","No_Mut","No_Mut","No_Mut","No_Mut","No_Mut","No_Mut","No_Mut"
"114","A-ID-AY4SD","Metastasis","HR+/HER2-",FALSE,"No_Mut","No_Mut","No_Mut","No_Mut","No_Mut","No_Mut","No_Mut","No_Mut","Missense_driver","No_Mut","No_Mut","No_Mut"
"115","A-ID-1287C","Metastasis","TNBC",FALSE,"No_Mut","No_Mut","No_Mut","No_Mut","No_Mut","No_Mut","No_Mut","No_Mut","No_Mut","No_Mut","No_Mut","No_Mut"
"116","A-ID-G5593","Metastasis","HR+/HER2-",TRUE,"Fusion","No_Mut","No_Mut","No_Mut","No_Mut","No_Mut","Deletion","No_Mut","No_Mut","No_Mut","No_Mut","No_Mut"
"117","A-ID-KU1F6","Primary","HR+/HER2-",FALSE,"No_Mut","No_Mut","No_Mut","Missense_driver","No_Mut","Truncating_driver","No_Mut","No_Mut","No_Mut","No_Mut","No_Mut","No_Mut"
"118","A-ID-PNMAS","Primary","HR+/HER2-",TRUE,"No_Mut","No_Mut","No_Mut","No_Mut","No_Mut","No_Mut","No_Mut","No_Mut","No_Mut","No_Mut","No_Mut","No_Mut"
"119","A-ID-VDZVN","Metastasis","TNBC",TRUE,"No_Mut","Amplification","No_Mut","No_Mut","No_Mut","No_Mut","No_Mut","No_Mut","No_Mut","No_Mut","No_Mut","No_Mut"
"120","A-ID-FWT5B","Primary","TNBC",TRUE,"No_Mut","No_Mut","No_Mut","No_Mut","No_Mut","No_Mut","No_Mut","No_Mut","No_Mut","No_Mut","No_Mut","No_Mut"
"121","A-ID-BVIGE","Metastasis","TNBC",TRUE,"No_Mut","No_Mut","No_Mut","No_Mut","No_Mut","No_Mut","Splice_driver","No_Mut","No_Mut","No_Mut","No_Mut","No_Mut"
"122","A-ID-P1AVU","Metastasis","HER2+",TRUE,"No_Mut","No_Mut","No_Mut","No_Mut","No_Mut","No_Mut","No_Mut","No_Mut","Inframe_driver","No_Mut","No_Mut","No_Mut"
"123","A-ID-F5YIC","Primary","HR+/HER2-",TRUE,"No_Mut","No_Mut","Amplification","No_Mut","Truncating_driver","Truncating_driver","No_Mut","No_Mut","No_Mut","No_Mut","No_Mut","No_Mut"
"124","A-ID-ZZP96","Primary","TNBC",FALSE,"No_Mut","No_Mut","No_Mut","No_Mut","No_Mut","No_Mut","No_Mut","No_Mut","No_Mut","No_Mut","No_Mut","No_Mut"
"125","A-ID-M0RFQ","Primary","HR+/HER2-",TRUE,"Splice_driver","Amplification","Amplification","No_Mut","No_Mut","No_Mut","No_Mut","No_Mut","No_Mut","No_Mut","Amplification","No_Mut"
"126","A-ID-PGMIY","Metastasis","HER2+",TRUE,"No_Mut","No_Mut","No_Mut","No_Mut","No_Mut","Truncating_driver","No_Mut","No_Mut","No_Mut","No_Mut","No_Mut","No_Mut"
"127","A-ID-TYUS1","Primary","TNBC",FALSE,"No_Mut","No_Mut","No_Mut","Missense_driver","Splice_driver","No_Mut","No_Mut","No_Mut","No_Mut","No_Mut","No_Mut","No_Mut"
"128","A-ID-GHBMQ","Metastasis","HR+/HER2-",TRUE,"No_Mut","Amplification","No_Mut","No_Mut","No_Mut","No_Mut","No_Mut","No_Mut","No_Mut","No_Mut","No_Mut","Truncating_driver"
"129","A-ID-RDV2N","Primary","TNBC",FALSE,"No_Mut","No_Mut","No_Mut","No_Mut","Truncating_driver","No_Mut","No_Mut","No_Mut","No_Mut","No_Mut","No_Mut","No_Mut"
"130","A-ID-3VLIH","Metastasis","HR+/HER2-",TRUE,"Fusion","Amplification","No_Mut","No_Mut","No_Mut","No_Mut","No_Mut","No_Mut","No_Mut","Amplification","No_Mut","No_Mut"
"131","A-ID-6BZGX","Metastasis","HR+/HER2-",TRUE,"No_Mut","No_Mut","No_Mut","No_Mut","No_Mut","No_Mut","No_Mut","No_Mut","No_Mut","No_Mut","No_Mut","No_Mut"
"132","A-ID-0K6N3","Metastasis","HER2+",TRUE,"No_Mut","Amplification","No_Mut","No_Mut","No_Mut","No_Mut","No_Mut","No_Mut","No_Mut","No_Mut","No_Mut","No_Mut"
"133","A-ID-O9YHY","Metastasis","HER2+",TRUE,"No_Mut","No_Mut","No_Mut","Missense_driver","Missense_driver","No_Mut","No_Mut","No_Mut","No_Mut","Amplification","No_Mut","No_Mut"
"134","A-ID-786EV","Primary","TNBC",FALSE,"No_Mut","No_Mut","No_Mut","No_Mut","No_Mut","No_Mut","No_Mut","No_Mut","No_Mut","No_Mut","No_Mut","No_Mut"
"135","A-ID-C0PEF","Primary","HR+/HER2-",TRUE,"No_Mut","No_Mut","No_Mut","No_Mut","No_Mut","No_Mut","No_Mut","No_Mut","No_Mut","No_Mut","No_Mut","No_Mut"
"136","A-ID-P7UQ7","Primary","HR+/HER2-",TRUE,"No_Mut","No_Mut","No_Mut","No_Mut","No_Mut","No_Mut","No_Mut","No_Mut","No_Mut","No_Mut","No_Mut","No_Mut"
"137","A-ID-ZCCK1","Primary","HR+/HER2-",TRUE,"No_Mut","No_Mut","No_Mut","Missense_driver","Splice_driver","No_Mut","No_Mut","No_Mut","No_Mut","No_Mut","No_Mut","No_Mut"
"138","A-ID-AZCVU","Primary","TNBC",TRUE,"No_Mut","No_Mut","No_Mut","No_Mut","No_Mut","No_Mut","No_Mut","No_Mut","No_Mut","No_Mut","No_Mut","No_Mut"
"139","A-ID-E8HGH","Metastasis","HER2+",TRUE,"No_Mut","No_Mut","No_Mut","Missense_driver","No_Mut","No_Mut","No_Mut","Splice_driver","No_Mut","Amplification","No_Mut","Truncating_driver"
"140","A-ID-FZH43","Primary","HR+/HER2-",TRUE,"No_Mut","No_Mut","Amplification","No_Mut","No_Mut","No_Mut","No_Mut","No_Mut","No_Mut","No_Mut","No_Mut","No_Mut"
"141","A-ID-9470U","Primary","HR+/HER2-",TRUE,"No_Mut","No_Mut","No_Mut","No_Mut","No_Mut","Truncating_driver","No_Mut","No_Mut","No_Mut","No_Mut","No_Mut","No_Mut"
"142","A-ID-3XOL3","Primary","HR+/HER2-",TRUE,"No_Mut","No_Mut","No_Mut","Missense_driver","No_Mut","No_Mut","No_Mut","No_Mut","No_Mut","No_Mut","No_Mut","No_Mut"
"143","A-ID-7DHVE","Metastasis","HR+/HER2-",TRUE,"No_Mut","No_Mut","No_Mut","Missense_driver","No_Mut","No_Mut","Truncating_driver","No_Mut","No_Mut","No_Mut","No_Mut","No_Mut"
"144","A-ID-NMZFU","Metastasis","TNBC",FALSE,"No_Mut","No_Mut","No_Mut","No_Mut","No_Mut","No_Mut","No_Mut","Truncating_driver","No_Mut","No_Mut","No_Mut","No_Mut"
"145","A-ID-2DVA9","Metastasis","HR+/HER2-",TRUE,"No_Mut","No_Mut","No_Mut","No_Mut","No_Mut","No_Mut","No_Mut","No_Mut","No_Mut","No_Mut","No_Mut","No_Mut"
"146","A-ID-W2J87","Primary","HR+/HER2-",TRUE,"No_Mut","No_Mut","Amplification","Missense_driver","No_Mut","No_Mut","No_Mut","No_Mut","No_Mut","No_Mut","No_Mut","No_Mut"
"147","A-ID-LP7NY","Primary","TNBC",TRUE,"No_Mut","Amplification","No_Mut","No_Mut","No_Mut","No_Mut","No_Mut","No_Mut","No_Mut","No_Mut","No_Mut","No_Mut"
"148","A-ID-HQR9P","Metastasis","TNBC",TRUE,"Splice_driver","No_Mut","No_Mut","No_Mut","Missense_driver","No_Mut","No_Mut","No_Mut","No_Mut","No_Mut","No_Mut","No_Mut"
"149","A-ID-SSW6B","Metastasis","HER2+",TRUE,"No_Mut","No_Mut","No_Mut","Inframe_driver","No_Mut","No_Mut","No_Mut","No_Mut","No_Mut","No_Mut","No_Mut","No_Mut"
"150","A-ID-RF705","Metastasis","HER2+",TRUE,"No_Mut","Amplification","No_Mut","No_Mut","No_Mut","No_Mut","No_Mut","No_Mut","No_Mut","No_Mut","No_Mut","No_Mut"
"151","A-ID-QKBMY","Primary","HR+/HER2-",TRUE,"No_Mut","No_Mut","No_Mut","No_Mut","No_Mut","No_Mut","No_Mut","No_Mut","No_Mut","No_Mut","No_Mut","No_Mut"
"152","A-ID-1BD1I","Primary","HR+/HER2-",TRUE,"No_Mut","No_Mut","No_Mut","No_Mut","No_Mut","No_Mut","No_Mut","Truncating_driver","No_Mut","No_Mut","No_Mut","No_Mut"
"153","A-ID-4PGN8","Primary","HR+/HER2-",TRUE,"No_Mut","Amplification","No_Mut","No_Mut","No_Mut","No_Mut","No_Mut","No_Mut","No_Mut","No_Mut","No_Mut","No_Mut"
"154","A-ID-T9XF7","Metastasis","HR+/HER2-",FALSE,"No_Mut","No_Mut","No_Mut","No_Mut","No_Mut","Splice_driver","Missense_driver","No_Mut","No_Mut","No_Mut","No_Mut","No_Mut"
"155","A-ID-NH6L6","Metastasis","TNBC",TRUE,"No_Mut","No_Mut","No_Mut","No_Mut","No_Mut","No_Mut","No_Mut","No_Mut","No_Mut","No_Mut","No_Mut","No_Mut"
"156","A-ID-WKL6G","Primary","HER2+",FALSE,"No_Mut","No_Mut","No_Mut","No_Mut","No_Mut","No_Mut","No_Mut","Truncating_driver","No_Mut","No_Mut","No_Mut","Fusion"
"157","A-ID-A1IY9","Metastasis","HR+/HER2-",TRUE,"No_Mut","No_Mut","No_Mut","No_Mut","No_Mut","No_Mut","No_Mut","No_Mut","No_Mut","No_Mut","No_Mut","No_Mut"
"158","A-ID-JS2OR","Primary","TNBC",TRUE,"No_Mut","No_Mut","No_Mut","No_Mut","No_Mut","No_Mut","Truncating_driver","No_Mut","No_Mut","No_Mut","No_Mut","No_Mut"
"159","A-ID-5OYWZ","Metastasis","HR+/HER2-",TRUE,"Splice_driver","No_Mut","No_Mut","No_Mut","No_Mut","No_Mut","Truncating_driver","No_Mut","No_Mut","No_Mut","No_Mut","No_Mut"
"160","A-ID-5M8F7","Primary","HR+/HER2-",TRUE,"No_Mut","No_Mut","No_Mut","No_Mut","No_Mut","Truncating_driver","No_Mut","No_Mut","No_Mut","No_Mut","No_Mut","No_Mut"
"161","A-ID-NI3HJ","Metastasis","HR+/HER2-",TRUE,"No_Mut","No_Mut","No_Mut","No_Mut","No_Mut","No_Mut","No_Mut","No_Mut","No_Mut","No_Mut","No_Mut","No_Mut"
