"","Anonymized.ID","Sample.Type","Receptor.Status","LOH","TP53","PIK3CA","MYC","CCND1","MAP3K1","NF1","ERBB2","GATA3","CDH1","MAP2K4"
"1","A-ID-Z88RI","Metastasis","HR+/HER2-",TRUE,"No_Mut","Missense_driver","No_Mut","No_Mut","No_Mut","No_Mut","No_Mut","No_Mut","No_Mut","No_Mut"
"2","A-ID-8W4LM","Primary","HR+/HER2-",TRUE,"No_Mut","Missense_driver","No_Mut","No_Mut","No_Mut","No_Mut","No_Mut","No_Mut","No_Mut","No_Mut"
"3","A-ID-O1MJV","Metastasis","HR+/HER2-",TRUE,"No_Mut","No_Mut","No_Mut","No_Mut","No_Mut","No_Mut","No_Mut","No_Mut","No_Mut","No_Mut"
"4","A-ID-2NKQ1","Metastasis","HR+/HER2-",TRUE,"No_Mut","No_Mut","Amplification","Amplification","No_Mut","No_Mut","No_Mut","No_Mut","No_Mut","No_Mut"
"5","A-ID-QAQBZ","Metastasis","HR+/HER2-",FALSE,"Deletion","No_Mut","No_Mut","No_Mut","No_Mut","No_Mut","No_Mut","No_Mut","No_Mut","No_Mut"
"6","A-ID-YD60Q","Metastasis","HR+/HER2-",FALSE,"No_Mut","No_Mut","Amplification","No_Mut","No_Mut","No_Mut","No_Mut","No_Mut","No_Mut","No_Mut"
"7","A-ID-6GH45","Metastasis","HR+/HER2-",TRUE,"No_Mut","Missense_driver","No_Mut","No_Mut","No_Mut","Truncating_driver","No_Mut","No_Mut","Truncating_driver","No_Mut"
"8","A-ID-JW5FY","Metastasis","HR+/HER2-",TRUE,"No_Mut","No_Mut","No_Mut","No_Mut","No_Mut","No_Mut","No_Mut","Truncating_driver","No_Mut","No_Mut"
"9","A-ID-X2SFS","Metastasis","HR+/HER2-",TRUE,"No_Mut","No_Mut","No_Mut","No_Mut","No_Mut","No_Mut","No_Mut","No_Mut","No_Mut","No_Mut"
"10","A-ID-RI43H","Metastasis","HR+/HER2-",FALSE,"Truncating_driver","No_Mut","No_Mut","Amplification","No_Mut","Truncating_driver","No_Mut","Truncating_driver","No_Mut","No_Mut"
"11","A-ID-W6F9F","Primary","HR+/HER2-",TRUE,"No_Mut","No_Mut","Amplification","No_Mut","No_Mut","No_Mut","No_Mut","No_Mut","No_Mut","No_Mut"
"12","A-ID-LZIOH","Metastasis","TNBC",TRUE,"Truncating_driver","No_Mut","No_Mut","No_Mut","No_Mut","No_Mut","No_Mut","No_Mut","No_Mut","No_Mut"
"13","A-ID-NGKKF","Metastasis","HR+/HER2-",TRUE,"Missense_driver","No_Mut","No_Mut","Amplification","No_Mut","No_Mut","No_Mut","No_Mut","No_Mut","No_Mut"
"14","A-ID-NYZJY","Primary","TNBC",FALSE,"Splice_driver","No_Mut","No_Mut","No_Mut","No_Mut","No_Mut","No_Mut","No_Mut","No_Mut","No_Mut"
"15","A-ID-6TQOS","Primary","HR+/HER2-",FALSE,"No_Mut","Missense_driver","No_Mut","No_Mut","No_Mut","No_Mut","No_Mut","No_Mut","No_Mut","No_Mut"
"16","A-ID-JBRZU","Metastasis","HR+/HER2-",TRUE,"No_Mut","No_Mut","No_Mut","No_Mut","No_Mut","No_Mut","No_Mut","No_Mut","No_Mut","No_Mut"
"17","A-ID-SQ2L6","Primary","HR+/HER2-",FALSE,"No_Mut","No_Mut","No_Mut","No_Mut","No_Mut","No_Mut","No_Mut","No_Mut","No_Mut","No_Mut"
"18","A-ID-HYBX5","Metastasis","TNBC",TRUE,"No_Mut","No_Mut","No_Mut","No_Mut","No_Mut","No_Mut","No_Mut","No_Mut","No_Mut","No_Mut"
"19","A-ID-H9DN4","Primary","TNBC",TRUE,"Missense_driver","No_Mut","Amplification","No_Mut","Deletion","No_Mut","No_Mut","No_Mut","No_Mut","No_Mut"
"20","A-ID-BZFS6","Primary","HR+/HER2-",FALSE,"No_Mut","No_Mut","No_Mut","No_Mut","No_Mut","Truncating_driver","No_Mut","No_Mut","No_Mut","No_Mut"
"21","A-ID-LZT2W","Metastasis","HR+/HER2-",TRUE,"No_Mut","No_Mut","No_Mut","No_Mut","No_Mut","No_Mut","No_Mut","No_Mut","No_Mut","No_Mut"
"22","A-ID-UX9UG","Primary","TNBC",FALSE,"No_Mut","No_Mut","No_Mut","No_Mut","No_Mut","No_Mut","No_Mut","No_Mut","No_Mut","No_Mut"
"23","A-ID-MXHEJ","Primary","HR+/HER2-",TRUE,"No_Mut","No_Mut","No_Mut","No_Mut","No_Mut","No_Mut","No_Mut","No_Mut","No_Mut","No_Mut"
"24","A-ID-484QZ","Metastasis","HER2+",FALSE,"No_Mut","Missense_driver","No_Mut","No_Mut","No_Mut","No_Mut","Amplification","No_Mut","No_Mut","No_Mut"
"25","A-ID-T313K","Metastasis","TNBC",TRUE,"Missense_driver","No_Mut","No_Mut","No_Mut","No_Mut","No_Mut","No_Mut","No_Mut","No_Mut","No_Mut"
"26","A-ID-85OZJ","Primary","HR+/HER2-",FALSE,"No_Mut","No_Mut","No_Mut","No_Mut","Splice_driver","No_Mut","No_Mut","No_Mut","No_Mut","No_Mut"
"27","A-ID-LUW55","Primary","HER2+",FALSE,"Missense_driver","No_Mut","No_Mut","No_Mut","Truncating_driver","No_Mut","Amplification","No_Mut","No_Mut","No_Mut"
"28","A-ID-6WTW5","Primary","TNBC",TRUE,"Missense_driver","No_Mut","No_Mut","No_Mut","No_Mut","No_Mut","No_Mut","No_Mut","No_Mut","No_Mut"
"29","A-ID-K5JHV","Metastasis","TNBC",FALSE,"No_Mut","No_Mut","No_Mut","No_Mut","No_Mut","No_Mut","No_Mut","No_Mut","No_Mut","No_Mut"
"30","A-ID-PDYMJ","Metastasis","TNBC",FALSE,"No_Mut","No_Mut","No_Mut","No_Mut","No_Mut","No_Mut","No_Mut","No_Mut","No_Mut","No_Mut"
"31","A-ID-CJ91Q","Primary","HR+/HER2-",FALSE,"No_Mut","Missense_driver","No_Mut","No_Mut","No_Mut","No_Mut","No_Mut","No_Mut","No_Mut","Truncating_driver"
"32","A-ID-V5591","Metastasis","HR+/HER2-",FALSE,"No_Mut","Missense_driver","No_Mut","No_Mut","No_Mut","No_Mut","No_Mut","No_Mut","No_Mut","No_Mut"
"33","A-ID-9ZNEG","Metastasis","TNBC",FALSE,"Truncating_driver","Missense_driver","No_Mut","No_Mut","No_Mut","No_Mut","No_Mut","No_Mut","No_Mut","No_Mut"
"34","A-ID-GCXJN","Primary","HR+/HER2-",TRUE,"Truncating_driver","No_Mut","No_Mut","No_Mut","No_Mut","No_Mut","No_Mut","No_Mut","No_Mut","No_Mut"
"35","A-ID-VAB3V","Primary","TNBC",TRUE,"Missense_driver","No_Mut","No_Mut","No_Mut","No_Mut","No_Mut","No_Mut","No_Mut","No_Mut","No_Mut"
