"","Anonymized.ID","RB1.Variant.Classification","gBRCA2","X"
"1","A-ID-K9ORI","Missense","WT",NA
"2","A-ID-N7YK0","Homozygous Deletion","WT",NA
"3","A-ID-W3GT5","Missense","WT",NA
"4","A-ID-YJNLQ","Missense","WT",NA
"5","A-ID-QLWDV","Missense","WT",NA
"6","A-ID-XI4GF","Deletion > 25 nt","WT",NA
"7","A-ID-602EF","Homozygous Deletion","WT",NA
"8","A-ID-81W72","Homozygous Deletion","WT",NA
"9","A-ID-8W07X","Deletion <= 25nt","WT",NA
"10","A-ID-KPS9I","Deletion <= 25nt","gBRCA2",NA
"11","A-ID-VE4XO","Missense","gBRCA2",NA
"12","A-ID-1T7SE","Deletion <= 25nt","WT",NA
"13","A-ID-B7KHB","Missense","WT",NA
"14","A-ID-A05I2","Missense","WT",NA
"15","A-ID-ZGQ2M","Missense","WT",NA
"16","A-ID-SVB0W","Missense","WT",NA
"17","A-ID-X85GE","Deletion <= 25nt","WT",NA
"18","A-ID-XR4RK","Insertion","WT",NA
"19","A-ID-989UQ","Missense","gBRCA2",NA
"20","A-ID-LAE92","Missense","WT",NA
"21","A-ID-LAE92","Missense","WT",NA
"22","A-ID-H28U3","Deletion <= 25nt","gBRCA2",NA
"23","A-ID-3ISE3","Deletion <= 25nt","WT",NA
"24","A-ID-BE2CK","Missense","WT",NA
"25","A-ID-L9OM5","Deletion <= 25nt","WT",NA
"26","A-ID-69RHI","Homozygous Deletion","WT",NA
"27","A-ID-01FJF","Homozygous Deletion","WT",NA
"28","A-ID-B5MC3","Fusion","gBRCA2",NA
"29","A-ID-R8X4Y","Fusion","gBRCA2",NA
"30","A-ID-7TZOT","Homozygous Deletion","WT",NA
"31","A-ID-7WXZO","Deletion <= 25nt","gBRCA2",NA
"32","A-ID-RWXK3","Missense","WT",NA
"33","A-ID-EFLCQ","Missense","WT",NA
"34","A-ID-ZFK1V","Missense","WT",NA
"35","A-ID-NI6MA","Homozygous Deletion","WT",NA
"36","A-ID-QGFTD","Deletion <= 25nt","WT",NA
"37","A-ID-NQE11","Missense","WT",NA
"38","A-ID-429P9","Homozygous Deletion","WT",NA
"39","A-ID-5AUXW","Insertion","WT",NA
"40","A-ID-MLXJ2","Missense","WT",NA
"41","A-ID-JFVP6","Deletion > 25 nt","WT",NA
"42","A-ID-W1X33","Fusion","WT",NA
"43","A-ID-B5G8X","Deletion > 25 nt","WT",NA
"44","A-ID-2QZ9D","Missense","WT",NA
"45","A-ID-LI0L7","Deletion <= 25nt","WT",NA
"46","A-ID-6BN32","Missense","WT",NA
"47","A-ID-NKHSM","Missense","gBRCA2",NA
"48","A-ID-ZS5WA","Deletion <= 25nt","WT",NA
"49","A-ID-8PU4S","Deletion <= 25nt","gBRCA2",NA
"50","A-ID-K56FP","Insertion","WT",NA
"51","A-ID-GYW9P","Missense","WT",NA
"52","A-ID-4IPY5","Missense","WT",NA
"53","A-ID-UUTL0","Missense","WT",NA
"54","A-ID-P6UYW","Missense","WT",NA
"55","A-ID-WLB3G","Deletion <= 25nt","gBRCA2",NA
"56","A-ID-BP6IN","Missense","WT",NA
"57","A-ID-DZI97","Missense","WT",NA
"58","A-ID-KQYEX","Missense","WT",NA
"59","A-ID-4O29F","Missense","WT",NA
"60","A-ID-KK9CJ","Deletion <= 25nt","WT",NA
"61","A-ID-9HYCL","Homozygous Deletion","WT",NA
"62","A-ID-PBQWK","Missense","WT",NA
"63","A-ID-JPQYE","Homozygous Deletion","WT",NA
"64","A-ID-T0U3J","Homozygous Deletion","WT",NA
"65","A-ID-1ESMD","Missense","WT",NA
"66","A-ID-8ZFO7","Missense","WT",NA
"67","A-ID-SAW28","Missense","WT",NA
"68","A-ID-OMMYM","Missense","WT",NA
"69","A-ID-JHHYW","Missense","gBRCA2",NA
"70","A-ID-TPJ52","Missense","gBRCA2",NA
"71","A-ID-5ZJWP","Missense","WT",NA
"72","A-ID-9IH53","Deletion <= 25nt","gBRCA2",NA
"73","A-ID-6ZS3U","Homozygous Deletion","WT",NA
"74","A-ID-VF0AZ","Missense","WT",NA
"75","A-ID-PZYY8","Missense","WT",NA
"76","A-ID-Q50H7","Missense","WT",NA
"77","A-ID-MCA6S","Homozygous Deletion","WT",NA
"78","A-ID-VXWMP","Missense","WT",NA
"79","A-ID-J1J0H","Missense","WT",NA
"80","A-ID-1J77X","Deletion <= 25nt","gBRCA2",NA
"81","A-ID-3QSNE","Deletion <= 25nt","WT",NA
"82","A-ID-ZROZ5","Deletion > 25 nt","WT",NA
"83","A-ID-3DQLC","Missense","WT",NA
"84","A-ID-G8EXH","Missense","gBRCA2",NA
"85","A-ID-F8DW2","Deletion > 25 nt","WT",NA
"86","A-ID-PK1LW","Deletion <= 25nt","WT",NA
"87","A-ID-GKW8C","Missense","gBRCA2",NA
"88","A-ID-5EQFC","Missense","gBRCA2",NA
"89","A-ID-2RHVM","Homozygous Deletion","WT",NA
"90","A-ID-BCOL3","Missense","WT",NA
"91","A-ID-7K3S8","Missense","WT",NA
"92","A-ID-VE1FV","Missense","WT",NA
"93","A-ID-9XTOH","Deletion <= 25nt","WT",NA
"94","A-ID-CJI3Q","Missense","WT",NA
"95","A-ID-73YPB","Missense","WT",NA
"96","A-ID-N3CZI","Deletion <= 25nt","gBRCA2",NA
"97","A-ID-QGV14","Deletion <= 25nt","WT",NA
"98","A-ID-HJOWY","Missense","WT",NA
"99","A-ID-XNR7Y","Missense","WT",NA
"100","A-ID-87JOA","Missense","WT",NA
"101","A-ID-B6UYH","Homozygous Deletion","gBRCA2",NA
"102","A-ID-34TT3","Missense","WT",NA
