"","Anonymized.ID","Sample.Type","Receptor.Status","LOH","PIK3CA","CCND1","GATA3","TP53","CDH1","AURKA","MDM2","RUNX1","ARID1A","MAP2K4","MAP3K1"
"1","A-ID-K9ORI","Primary","HR+/HER2-",FALSE,"Missense_driver","No_Mut","No_Mut","Truncating_driver","No_Mut","No_Mut","No_Mut","Truncating_driver","No_Mut","No_Mut","No_Mut"
"2","A-ID-XQLE6","Metastasis","HR+/HER2-",TRUE,"Missense_driver","No_Mut","No_Mut","No_Mut","No_Mut","No_Mut","No_Mut","No_Mut","No_Mut","No_Mut","No_Mut"
"3","A-ID-9BAET","Primary","HER2+",TRUE,"No_Mut","Amplification","No_Mut","No_Mut","No_Mut","No_Mut","No_Mut","No_Mut","No_Mut","No_Mut","No_Mut"
"4","A-ID-DVQ8L","Metastasis","HR+/HER2-",TRUE,"No_Mut","No_Mut","No_Mut","No_Mut","No_Mut","No_Mut","No_Mut","No_Mut","No_Mut","No_Mut","No_Mut"
"5","A-ID-6IEFR","Metastasis","HR+/HER2-",FALSE,"No_Mut","No_Mut","No_Mut","No_Mut","No_Mut","No_Mut","No_Mut","No_Mut","No_Mut","No_Mut","No_Mut"
"6","A-ID-LXOS9","Primary","HR+/HER2-",TRUE,"No_Mut","Amplification","Truncating_driver","No_Mut","No_Mut","No_Mut","No_Mut","No_Mut","No_Mut","Deletion","No_Mut"
"7","A-ID-1T5TM","Metastasis","HR+/HER2-",FALSE,"No_Mut","No_Mut","No_Mut","Truncating_driver","Truncating_driver","No_Mut","Amplification","No_Mut","No_Mut","Truncating_driver","No_Mut"
"8","A-ID-8CWBC","Metastasis","HR+/HER2-",TRUE,"Missense_driver","Amplification","Truncating_driver","No_Mut","No_Mut","No_Mut","No_Mut","No_Mut","No_Mut","No_Mut","No_Mut"
"9","A-ID-M7S9F","Metastasis","HR+/HER2-",FALSE,"No_Mut","Amplification","Truncating_driver","No_Mut","No_Mut","No_Mut","No_Mut","No_Mut","No_Mut","No_Mut","No_Mut"
"10","A-ID-1785C","Primary","HR+/HER2-",FALSE,"Missense_driver","No_Mut","No_Mut","No_Mut","Splice_driver","No_Mut","No_Mut","No_Mut","No_Mut","No_Mut","No_Mut"
"11","A-ID-D7U1S","Metastasis","TNBC",FALSE,"No_Mut","No_Mut","No_Mut","Missense_driver","Truncating_driver","No_Mut","No_Mut","No_Mut","No_Mut","No_Mut","No_Mut"
"12","A-ID-U5LTK","Metastasis","HR+/HER2-",TRUE,"No_Mut","Amplification","Truncating_driver","No_Mut","No_Mut","No_Mut","No_Mut","No_Mut","No_Mut","No_Mut","No_Mut"
"13","A-ID-3A1RK","Metastasis","HR+/HER2-",TRUE,"No_Mut","Amplification","Truncating_driver","No_Mut","No_Mut","No_Mut","Amplification","No_Mut","Truncating_driver","No_Mut","No_Mut"
"14","A-ID-MLXJ2","Metastasis","HR+/HER2-",TRUE,"Missense_driver","No_Mut","Truncating_driver","No_Mut","No_Mut","No_Mut","No_Mut","No_Mut","No_Mut","No_Mut","No_Mut"
"15","A-ID-B5G8X","Metastasis","HR+/HER2-",FALSE,"No_Mut","No_Mut","Truncating_driver","Missense_driver","No_Mut","Amplification","No_Mut","No_Mut","No_Mut","Deletion","No_Mut"
"16","A-ID-TM30Z","Metastasis","HR+/HER2-",TRUE,"Missense_driver","No_Mut","No_Mut","No_Mut","Truncating_driver","No_Mut","No_Mut","No_Mut","No_Mut","No_Mut","No_Mut"
"17","A-ID-LMXCU","Metastasis","HR+/HER2-",FALSE,"Missense_driver","No_Mut","No_Mut","No_Mut","No_Mut","No_Mut","No_Mut","No_Mut","No_Mut","No_Mut","Truncating_driver"
"18","A-ID-Z0ZW6","Metastasis","HR+/HER2-",TRUE,"No_Mut","No_Mut","No_Mut","No_Mut","No_Mut","No_Mut","Amplification","Truncating_driver","No_Mut","No_Mut","No_Mut"
"19","A-ID-69ACJ","Metastasis","HR+/HER2-",FALSE,"Missense_driver","No_Mut","No_Mut","No_Mut","No_Mut","No_Mut","No_Mut","No_Mut","No_Mut","No_Mut","No_Mut"
"20","A-ID-PYGWF","Metastasis","HR+/HER2-",TRUE,"No_Mut","Amplification","No_Mut","No_Mut","No_Mut","Amplification","No_Mut","No_Mut","No_Mut","No_Mut","No_Mut"
"21","A-ID-PZIWO","Metastasis","HR+/HER2-",FALSE,"No_Mut","No_Mut","No_Mut","No_Mut","No_Mut","No_Mut","No_Mut","No_Mut","No_Mut","No_Mut","No_Mut"
"22","A-ID-12MTA","Metastasis","HR+/HER2-",FALSE,"No_Mut","No_Mut","No_Mut","No_Mut","Truncating_driver","No_Mut","No_Mut","No_Mut","No_Mut","No_Mut","No_Mut"
"23","A-ID-LLFQ4","Metastasis","HR+/HER2-",FALSE,"No_Mut","Amplification","No_Mut","No_Mut","No_Mut","No_Mut","No_Mut","No_Mut","No_Mut","No_Mut","No_Mut"
"24","A-ID-XQH87","Metastasis","HR+/HER2-",TRUE,"Missense_driver","Amplification","No_Mut","No_Mut","No_Mut","No_Mut","No_Mut","No_Mut","No_Mut","No_Mut","No_Mut"
"25","A-ID-R2HGV","Metastasis","HR+/HER2-",FALSE,"No_Mut","No_Mut","Truncating_driver","No_Mut","No_Mut","No_Mut","No_Mut","No_Mut","No_Mut","No_Mut","No_Mut"
"26","A-ID-0BQII","Metastasis","HR+/HER2-",TRUE,"Missense_driver","No_Mut","No_Mut","No_Mut","No_Mut","No_Mut","No_Mut","No_Mut","No_Mut","No_Mut","No_Mut"
"27","A-ID-JQJIS","Metastasis","HR+/HER2-",TRUE,"No_Mut","Amplification","Truncating_driver","No_Mut","No_Mut","No_Mut","No_Mut","No_Mut","No_Mut","No_Mut","No_Mut"
"28","A-ID-MT9BX","Primary","HR+/HER2-",FALSE,"Missense_driver","No_Mut","No_Mut","No_Mut","No_Mut","No_Mut","Amplification","No_Mut","No_Mut","No_Mut","No_Mut"
"29","A-ID-H5ETL","Metastasis","HR+/HER2-",FALSE,"No_Mut","No_Mut","No_Mut","Missense_driver","No_Mut","No_Mut","No_Mut","No_Mut","No_Mut","No_Mut","No_Mut"
"30","A-ID-MWV6S","Primary","HR+/HER2-",TRUE,"No_Mut","No_Mut","Truncating_driver","No_Mut","No_Mut","No_Mut","No_Mut","No_Mut","No_Mut","No_Mut","No_Mut"
"31","A-ID-06UAY","Primary","HR+/HER2-",FALSE,"Missense_driver","No_Mut","Truncating_driver","No_Mut","No_Mut","Amplification","No_Mut","No_Mut","No_Mut","No_Mut","No_Mut"
"32","A-ID-V9XKO","Metastasis","HR+/HER2-",TRUE,"No_Mut","No_Mut","No_Mut","No_Mut","No_Mut","No_Mut","Amplification","No_Mut","No_Mut","No_Mut","No_Mut"
"33","A-ID-4406I","Metastasis","HR+/HER2-",FALSE,"Missense_driver","No_Mut","Truncating_driver","No_Mut","No_Mut","Amplification","Amplification","No_Mut","Truncating_driver","No_Mut","No_Mut"
"34","A-ID-7HGZI","Metastasis","HR+/HER2-",TRUE,"No_Mut","No_Mut","No_Mut","No_Mut","No_Mut","Amplification","No_Mut","No_Mut","No_Mut","No_Mut","No_Mut"
"35","A-ID-3600J","Metastasis","HR+/HER2-",FALSE,"Missense_driver","Amplification","No_Mut","No_Mut","No_Mut","No_Mut","No_Mut","No_Mut","No_Mut","No_Mut","No_Mut"
"36","A-ID-3WFLI","Metastasis","HR+/HER2-",TRUE,"Inframe_driver","No_Mut","No_Mut","Missense_driver","Splice_driver","No_Mut","No_Mut","No_Mut","No_Mut","No_Mut","No_Mut"
"37","A-ID-GMCEZ","Metastasis","HER2+",TRUE,"Missense_driver","No_Mut","No_Mut","No_Mut","Truncating_driver","No_Mut","No_Mut","Truncating_driver","No_Mut","No_Mut","No_Mut"
"38","A-ID-TIW5G","Primary","HR+/HER2-",FALSE,"Missense_driver","Amplification","Truncating_driver","No_Mut","No_Mut","No_Mut","No_Mut","No_Mut","No_Mut","No_Mut","No_Mut"
"39","A-ID-8P1RY","Primary","HR+/HER2-",TRUE,"Missense_driver","Amplification","No_Mut","No_Mut","No_Mut","Amplification","No_Mut","No_Mut","No_Mut","No_Mut","No_Mut"
"40","A-ID-L37QV","Primary","HR+/HER2-",TRUE,"Missense_driver","Amplification","No_Mut","No_Mut","No_Mut","No_Mut","Amplification","No_Mut","No_Mut","No_Mut","No_Mut"
"41","A-ID-Q5YE6","Metastasis","HER2+",TRUE,"No_Mut","No_Mut","No_Mut","No_Mut","No_Mut","No_Mut","No_Mut","No_Mut","No_Mut","No_Mut","No_Mut"
"42","A-ID-37TAG","Metastasis","HER2+",FALSE,"No_Mut","No_Mut","No_Mut","Truncating_driver","No_Mut","No_Mut","No_Mut","No_Mut","Truncating_driver","No_Mut","No_Mut"
"43","A-ID-WG2GH","Primary","TNBC",FALSE,"No_Mut","No_Mut","No_Mut","Truncating_driver","No_Mut","No_Mut","No_Mut","No_Mut","No_Mut","No_Mut","No_Mut"
"44","A-ID-V0AWL","Metastasis","TNBC",TRUE,"No_Mut","No_Mut","No_Mut","No_Mut","No_Mut","No_Mut","No_Mut","No_Mut","No_Mut","No_Mut","No_Mut"
"45","A-ID-TYKPC","Primary","HR+/HER2-",TRUE,"No_Mut","No_Mut","No_Mut","Missense_driver","No_Mut","No_Mut","No_Mut","Amplification","No_Mut","No_Mut","No_Mut"
"46","A-ID-0NEXL","Primary","HR+/HER2-",FALSE,"No_Mut","No_Mut","No_Mut","No_Mut","Truncating_driver","No_Mut","No_Mut","No_Mut","No_Mut","No_Mut","No_Mut"
"47","A-ID-X3I9J","Primary","HR+/HER2-",TRUE,"No_Mut","No_Mut","No_Mut","No_Mut","No_Mut","Amplification","No_Mut","No_Mut","No_Mut","No_Mut","No_Mut"
"48","A-ID-DOBUK","Primary","HR+/HER2-",TRUE,"No_Mut","No_Mut","No_Mut","No_Mut","No_Mut","No_Mut","No_Mut","No_Mut","No_Mut","No_Mut","No_Mut"
"49","A-ID-8O2MD","Metastasis","HER2+",TRUE,"Missense_driver","Amplification","No_Mut","No_Mut","No_Mut","No_Mut","Amplification","No_Mut","No_Mut","No_Mut","No_Mut"
"50","A-ID-7VLFM","Primary","HER2+",TRUE,"Missense_driver","No_Mut","No_Mut","No_Mut","No_Mut","No_Mut","No_Mut","No_Mut","No_Mut","No_Mut","No_Mut"
"51","A-ID-AMZ7R","Metastasis","TNBC",TRUE,"No_Mut","No_Mut","No_Mut","Missense_driver","No_Mut","Amplification","No_Mut","No_Mut","No_Mut","No_Mut","No_Mut"
"52","A-ID-8VCK8","Primary","HR+/HER2-",TRUE,"Missense_driver","No_Mut","No_Mut","No_Mut","No_Mut","No_Mut","No_Mut","No_Mut","No_Mut","No_Mut","No_Mut"
"53","A-ID-2U3BB","Primary","HR+/HER2-",TRUE,"No_Mut","No_Mut","Truncating_driver","No_Mut","No_Mut","No_Mut","No_Mut","No_Mut","No_Mut","No_Mut","No_Mut"
"54","A-ID-QYXAQ","Metastasis","HR+/HER2-",TRUE,"Missense_driver","Amplification","No_Mut","No_Mut","No_Mut","No_Mut","No_Mut","No_Mut","No_Mut","No_Mut","No_Mut"
"55","A-ID-FFN2E","Metastasis","HR+/HER2-",FALSE,"No_Mut","Amplification","No_Mut","Missense_driver","No_Mut","No_Mut","No_Mut","No_Mut","Truncating_driver","No_Mut","No_Mut"
"56","A-ID-0FVHY","Metastasis","HR+/HER2-",TRUE,"No_Mut","No_Mut","No_Mut","No_Mut","No_Mut","No_Mut","No_Mut","No_Mut","No_Mut","No_Mut","No_Mut"
"57","A-ID-XPCWL","Metastasis","HER2+",TRUE,"No_Mut","No_Mut","No_Mut","No_Mut","No_Mut","No_Mut","No_Mut","No_Mut","No_Mut","No_Mut","No_Mut"
"58","A-ID-JOHI2","Metastasis","HR+/HER2-",FALSE,"Missense_driver","No_Mut","No_Mut","Splice_driver","No_Mut","No_Mut","No_Mut","No_Mut","No_Mut","Deletion","No_Mut"
"59","A-ID-A9C1W","Primary","TNBC",FALSE,"No_Mut","No_Mut","No_Mut","Missense_driver","No_Mut","No_Mut","No_Mut","No_Mut","No_Mut","No_Mut","No_Mut"
"60","A-ID-54SDD","Metastasis","TNBC",TRUE,"No_Mut","No_Mut","No_Mut","Missense_driver","No_Mut","No_Mut","No_Mut","No_Mut","No_Mut","No_Mut","No_Mut"
"61","A-ID-0LPLQ","Metastasis","HER2+",TRUE,"No_Mut","Amplification","No_Mut","No_Mut","Truncating_driver","No_Mut","No_Mut","No_Mut","No_Mut","No_Mut","No_Mut"
"62","A-ID-R05FQ","Metastasis","TNBC",FALSE,"No_Mut","No_Mut","No_Mut","No_Mut","No_Mut","No_Mut","No_Mut","No_Mut","No_Mut","No_Mut","No_Mut"
"63","A-ID-MIWJC","Primary","HER2+",FALSE,"No_Mut","Amplification","No_Mut","No_Mut","No_Mut","No_Mut","No_Mut","No_Mut","No_Mut","No_Mut","No_Mut"
"64","A-ID-4E4XC","Primary","HR+/HER2-",FALSE,"Missense_driver","No_Mut","No_Mut","No_Mut","No_Mut","No_Mut","No_Mut","No_Mut","No_Mut","No_Mut","No_Mut"
"65","A-ID-DD85X","Primary","HR+/HER2-",TRUE,"Missense_driver","No_Mut","No_Mut","No_Mut","No_Mut","No_Mut","No_Mut","No_Mut","No_Mut","No_Mut","No_Mut"
"66","A-ID-K0UI9","Primary","HR+/HER2-",FALSE,"Missense_driver","Amplification","No_Mut","No_Mut","No_Mut","No_Mut","No_Mut","No_Mut","No_Mut","No_Mut","No_Mut"
"67","A-ID-20O64","Metastasis","HR+/HER2-",TRUE,"No_Mut","No_Mut","No_Mut","No_Mut","No_Mut","No_Mut","No_Mut","Truncating_driver","No_Mut","No_Mut","No_Mut"
"68","A-ID-JXL0B","Primary","HER2+",FALSE,"Missense_driver","No_Mut","No_Mut","Truncating_driver","Truncating_driver","No_Mut","No_Mut","No_Mut","No_Mut","No_Mut","No_Mut"
"69","A-ID-X4GHS","Metastasis","HER2+",FALSE,"Missense_driver","Amplification","No_Mut","No_Mut","No_Mut","Amplification","No_Mut","No_Mut","No_Mut","No_Mut","No_Mut"
"70","A-ID-KGIRH","Primary","HR+/HER2-",TRUE,"Missense_driver","No_Mut","No_Mut","No_Mut","No_Mut","No_Mut","No_Mut","Truncating_driver","No_Mut","No_Mut","Fusion"
"71","A-ID-7WC9N","Metastasis","HR+/HER2-",TRUE,"Missense_driver","Amplification","No_Mut","No_Mut","No_Mut","No_Mut","No_Mut","No_Mut","No_Mut","No_Mut","No_Mut"
"72","A-ID-304KZ","Metastasis","HER2+",TRUE,"No_Mut","No_Mut","Truncating_driver","No_Mut","No_Mut","No_Mut","No_Mut","No_Mut","No_Mut","No_Mut","No_Mut"
"73","A-ID-HIHFW","Metastasis","HR+/HER2-",FALSE,"Missense_driver","No_Mut","No_Mut","No_Mut","No_Mut","No_Mut","No_Mut","No_Mut","No_Mut","No_Mut","No_Mut"
"74","A-ID-NQENM","Primary","HR+/HER2-",FALSE,"Missense_driver","Amplification","No_Mut","No_Mut","No_Mut","Amplification","Amplification","No_Mut","No_Mut","No_Mut","No_Mut"
"75","A-ID-KFL8Q","Primary","HR+/HER2-",FALSE,"Missense_driver","No_Mut","Splice_driver","No_Mut","No_Mut","No_Mut","No_Mut","No_Mut","No_Mut","No_Mut","No_Mut"
"76","A-ID-MZ7L2","Metastasis","HR+/HER2-",TRUE,"No_Mut","Amplification","No_Mut","No_Mut","No_Mut","No_Mut","No_Mut","No_Mut","No_Mut","No_Mut","No_Mut"
"77","A-ID-AAV15","Metastasis","HR+/HER2-",FALSE,"Missense_driver","No_Mut","No_Mut","No_Mut","No_Mut","No_Mut","No_Mut","No_Mut","Truncating_driver","No_Mut","Truncating_driver"
"78","A-ID-ZWKG5","Primary","HER2+",TRUE,"No_Mut","No_Mut","No_Mut","No_Mut","No_Mut","Amplification","No_Mut","No_Mut","No_Mut","No_Mut","No_Mut"
"79","A-ID-FQXI1","Primary","HR+/HER2-",FALSE,"Missense_driver","No_Mut","No_Mut","No_Mut","No_Mut","No_Mut","No_Mut","No_Mut","No_Mut","No_Mut","No_Mut"
"80","A-ID-62TED","Metastasis","HER2+",FALSE,"No_Mut","No_Mut","No_Mut","Truncating_driver","No_Mut","No_Mut","No_Mut","No_Mut","No_Mut","No_Mut","No_Mut"
"81","A-ID-NN2DA","Primary","HR+/HER2-",FALSE,"No_Mut","No_Mut","Truncating_driver","No_Mut","No_Mut","No_Mut","No_Mut","No_Mut","No_Mut","No_Mut","No_Mut"
"82","A-ID-0D615","Metastasis","HR+/HER2-",FALSE,"No_Mut","No_Mut","No_Mut","No_Mut","No_Mut","No_Mut","No_Mut","No_Mut","No_Mut","No_Mut","Truncating_driver"
"83","A-ID-4PGN8","Primary","HR+/HER2-",FALSE,"No_Mut","No_Mut","No_Mut","No_Mut","No_Mut","No_Mut","No_Mut","No_Mut","No_Mut","No_Mut","No_Mut"
"84","A-ID-FIMVZ","Metastasis","HER2+",TRUE,"No_Mut","No_Mut","Truncating_driver","No_Mut","No_Mut","No_Mut","No_Mut","No_Mut","No_Mut","No_Mut","No_Mut"
"85","A-ID-W3GT2","Primary","HR+/HER2-",FALSE,"Missense_driver","Amplification","No_Mut","No_Mut","No_Mut","No_Mut","No_Mut","No_Mut","No_Mut","No_Mut","No_Mut"
"86","A-ID-Q70LA","Metastasis","HR+/HER2-",FALSE,"Missense_driver","No_Mut","No_Mut","Missense_driver","Fusion","No_Mut","No_Mut","No_Mut","No_Mut","Deletion","No_Mut"
"87","A-ID-JKXVL","Primary","HR+/HER2-",FALSE,"No_Mut","No_Mut","Truncating_driver","No_Mut","No_Mut","No_Mut","No_Mut","No_Mut","No_Mut","No_Mut","No_Mut"
