"","Anonymized.ID","Sample.Type","Receptor.Status","LOH","TP53","MYC","NF1","GATA3","CCND1","ERBB2","ARID1A","CDH1","MAP3K1","PIK3CA","MAP2K4"
"1","A-ID-6O9ZU","Metastasis","HR+/HER2-",TRUE,"Missense_driver","No_Mut","No_Mut","Truncating_driver","No_Mut","No_Mut","No_Mut","No_Mut","No_Mut","No_Mut","No_Mut"
"2","A-ID-581SZ","Metastasis","HR+/HER2-",FALSE,"No_Mut","No_Mut","No_Mut","Truncating_driver","No_Mut","No_Mut","No_Mut","No_Mut","No_Mut","No_Mut","No_Mut"
"3","A-ID-XRPMX","Metastasis","HR+/HER2-",FALSE,"No_Mut","No_Mut","No_Mut","No_Mut","No_Mut","No_Mut","Truncating_driver","No_Mut","No_Mut","No_Mut","No_Mut"
"4","A-ID-6BN32","Metastasis","HR+/HER2-",TRUE,"Truncating_driver","No_Mut","No_Mut","No_Mut","No_Mut","No_Mut","No_Mut","No_Mut","No_Mut","No_Mut","No_Mut"
"5","A-ID-98GNW","Metastasis","HR+/HER2-",FALSE,"Missense_driver","No_Mut","No_Mut","No_Mut","No_Mut","No_Mut","No_Mut","No_Mut","No_Mut","No_Mut","No_Mut"
"6","A-ID-NBT6O","Metastasis","HR+/HER2-",TRUE,"No_Mut","No_Mut","No_Mut","No_Mut","No_Mut","No_Mut","No_Mut","No_Mut","No_Mut","No_Mut","No_Mut"
"7","A-ID-SS6WO","Metastasis","TNBC",FALSE,"Truncating_driver","No_Mut","No_Mut","No_Mut","No_Mut","No_Mut","No_Mut","No_Mut","No_Mut","No_Mut","No_Mut"
"8","A-ID-5DKCT","Metastasis","HR+/HER2-",TRUE,"No_Mut","No_Mut","No_Mut","No_Mut","No_Mut","No_Mut","No_Mut","No_Mut","No_Mut","No_Mut","No_Mut"
"9","A-ID-LEA0U","Primary","HR+/HER2-",FALSE,"No_Mut","No_Mut","No_Mut","No_Mut","No_Mut","No_Mut","Truncating_driver","No_Mut","No_Mut","No_Mut","No_Mut"
"10","A-ID-DQP03","Metastasis","HR+/HER2-",TRUE,"Deletion","No_Mut","No_Mut","No_Mut","No_Mut","No_Mut","No_Mut","Fusion","No_Mut","No_Mut","No_Mut"
"11","A-ID-GV8UP","Metastasis","TNBC",TRUE,"Truncating_driver","No_Mut","No_Mut","No_Mut","No_Mut","No_Mut","No_Mut","No_Mut","No_Mut","No_Mut","No_Mut"
"12","A-ID-H5ETL","Metastasis","HR+/HER2-",FALSE,"Missense_driver","No_Mut","Fusion","No_Mut","No_Mut","No_Mut","No_Mut","No_Mut","No_Mut","No_Mut","No_Mut"
"13","A-ID-J3XFF","Metastasis","TNBC",TRUE,"Truncating_driver","No_Mut","Splice_driver","No_Mut","Amplification","No_Mut","No_Mut","No_Mut","No_Mut","No_Mut","No_Mut"
"14","A-ID-U0EH9","Metastasis","HR+/HER2-",TRUE,"Missense_driver","No_Mut","No_Mut","No_Mut","No_Mut","No_Mut","No_Mut","No_Mut","No_Mut","No_Mut","No_Mut"
"15","A-ID-1RZNF","Primary","TNBC",TRUE,"Truncating_driver","No_Mut","No_Mut","No_Mut","No_Mut","No_Mut","No_Mut","No_Mut","No_Mut","No_Mut","No_Mut"
"16","A-ID-JQQON","Primary","TNBC",TRUE,"Truncating_driver","No_Mut","Splice_driver","No_Mut","No_Mut","No_Mut","No_Mut","No_Mut","No_Mut","No_Mut","No_Mut"
"17","A-ID-FRHNQ","Primary","HR+/HER2-",TRUE,"Truncating_driver","No_Mut","No_Mut","No_Mut","No_Mut","No_Mut","No_Mut","No_Mut","No_Mut","No_Mut","No_Mut"
"18","A-ID-NIXRG","Metastasis","TNBC",TRUE,"Truncating_driver","No_Mut","No_Mut","No_Mut","No_Mut","No_Mut","No_Mut","No_Mut","No_Mut","No_Mut","No_Mut"
"19","A-ID-D1PQJ","Primary","TNBC",TRUE,"Missense_driver","No_Mut","No_Mut","No_Mut","No_Mut","No_Mut","No_Mut","No_Mut","No_Mut","No_Mut","No_Mut"
"20","A-ID-MR23G","Primary","TNBC",TRUE,"Missense_driver","No_Mut","No_Mut","No_Mut","No_Mut","No_Mut","No_Mut","No_Mut","No_Mut","No_Mut","No_Mut"
"21","A-ID-9SRAV","Primary","TNBC",TRUE,"Missense_driver","No_Mut","No_Mut","No_Mut","No_Mut","No_Mut","No_Mut","No_Mut","No_Mut","No_Mut","No_Mut"
"22","A-ID-DC9TE","Primary","HR+/HER2-",TRUE,"Truncating_driver","No_Mut","No_Mut","No_Mut","No_Mut","No_Mut","No_Mut","No_Mut","No_Mut","No_Mut","No_Mut"
"23","A-ID-L0W0S","Primary","TNBC",TRUE,"Missense_driver","No_Mut","No_Mut","No_Mut","No_Mut","No_Mut","No_Mut","No_Mut","No_Mut","No_Mut","No_Mut"
"24","A-ID-D1XGD","Primary","TNBC",TRUE,"Truncating_driver","No_Mut","No_Mut","No_Mut","No_Mut","No_Mut","No_Mut","No_Mut","No_Mut","No_Mut","No_Mut"
"25","A-ID-PR8KL","Primary","TNBC",TRUE,"Missense_driver","No_Mut","No_Mut","No_Mut","No_Mut","No_Mut","No_Mut","No_Mut","No_Mut","No_Mut","No_Mut"
"26","A-ID-TZUHI","Metastasis","TNBC",TRUE,"Truncating_driver","No_Mut","No_Mut","No_Mut","No_Mut","No_Mut","No_Mut","No_Mut","No_Mut","No_Mut","No_Mut"
"27","A-ID-WG2GH","Primary","TNBC",TRUE,"Truncating_driver","Amplification","No_Mut","No_Mut","No_Mut","No_Mut","No_Mut","No_Mut","No_Mut","No_Mut","No_Mut"
"28","A-ID-2KNWV","Metastasis","TNBC",TRUE,"Splice_driver","No_Mut","No_Mut","No_Mut","No_Mut","No_Mut","No_Mut","No_Mut","No_Mut","No_Mut","No_Mut"
"29","A-ID-TRYU0","Primary","TNBC",FALSE,"Truncating_driver","No_Mut","No_Mut","No_Mut","No_Mut","No_Mut","No_Mut","No_Mut","No_Mut","No_Mut","No_Mut"
"30","A-ID-1CHWQ","Metastasis","TNBC",TRUE,"Missense_driver","No_Mut","No_Mut","No_Mut","No_Mut","No_Mut","No_Mut","No_Mut","No_Mut","No_Mut","No_Mut"
"31","A-ID-NM2UV","Metastasis","TNBC",TRUE,"Missense_driver","No_Mut","No_Mut","No_Mut","No_Mut","No_Mut","No_Mut","No_Mut","No_Mut","No_Mut","No_Mut"
"32","A-ID-18HFC","Primary","TNBC",TRUE,"Truncating_driver","No_Mut","No_Mut","No_Mut","No_Mut","No_Mut","No_Mut","No_Mut","No_Mut","No_Mut","No_Mut"
"33","A-ID-WBNZ5","Metastasis","TNBC",TRUE,"Inframe_driver","No_Mut","No_Mut","No_Mut","No_Mut","No_Mut","No_Mut","No_Mut","No_Mut","No_Mut","No_Mut"
"34","A-ID-9WQJ9","Metastasis","HER2+",FALSE,"No_Mut","No_Mut","No_Mut","Truncating_driver","Amplification","Amplification","No_Mut","No_Mut","No_Mut","No_Mut","No_Mut"
"35","A-ID-BTGPM","Metastasis","TNBC",TRUE,"Missense_driver","No_Mut","No_Mut","No_Mut","No_Mut","No_Mut","No_Mut","No_Mut","No_Mut","No_Mut","No_Mut"
"36","A-ID-TX33N","Primary","TNBC",TRUE,"Truncating_driver","No_Mut","No_Mut","No_Mut","No_Mut","No_Mut","No_Mut","No_Mut","No_Mut","No_Mut","No_Mut"
"37","A-ID-Q2H00","Primary","TNBC",TRUE,"Truncating_driver","No_Mut","No_Mut","No_Mut","No_Mut","No_Mut","No_Mut","No_Mut","No_Mut","No_Mut","No_Mut"
"38","A-ID-SVA56","Metastasis","TNBC",TRUE,"Splice_driver","No_Mut","Deletion","No_Mut","No_Mut","No_Mut","No_Mut","No_Mut","No_Mut","No_Mut","No_Mut"
"39","A-ID-QV3QQ","Metastasis","TNBC",TRUE,"Truncating_driver","No_Mut","No_Mut","No_Mut","No_Mut","No_Mut","No_Mut","No_Mut","No_Mut","No_Mut","No_Mut"
"40","A-ID-4MI2E","Metastasis","HR+/HER2-",TRUE,"No_Mut","Amplification","No_Mut","No_Mut","No_Mut","Amplification","No_Mut","No_Mut","No_Mut","No_Mut","No_Mut"
"41","A-ID-9MYVA","Metastasis","TNBC",TRUE,"Missense_driver","No_Mut","No_Mut","No_Mut","No_Mut","No_Mut","No_Mut","No_Mut","No_Mut","No_Mut","No_Mut"
"42","A-ID-1VAJX","Metastasis","TNBC",TRUE,"Truncating_driver","No_Mut","No_Mut","No_Mut","No_Mut","No_Mut","No_Mut","No_Mut","No_Mut","No_Mut","No_Mut"
"43","A-ID-PJ9VS","Primary","TNBC",TRUE,"Truncating_driver","No_Mut","No_Mut","No_Mut","No_Mut","No_Mut","No_Mut","No_Mut","No_Mut","No_Mut","No_Mut"
"44","A-ID-SYCHW","Metastasis","TNBC",TRUE,"Truncating_driver","No_Mut","No_Mut","No_Mut","No_Mut","No_Mut","No_Mut","No_Mut","No_Mut","No_Mut","No_Mut"
"45","A-ID-09LCI","Primary","TNBC",TRUE,"Missense_driver","No_Mut","No_Mut","No_Mut","No_Mut","No_Mut","No_Mut","No_Mut","No_Mut","No_Mut","No_Mut"
"46","A-ID-J05A3","Metastasis","TNBC",TRUE,"Truncating_driver","No_Mut","No_Mut","No_Mut","No_Mut","No_Mut","No_Mut","No_Mut","No_Mut","No_Mut","No_Mut"
"47","A-ID-1AGUP","Metastasis","TNBC",TRUE,"Truncating_driver","No_Mut","No_Mut","No_Mut","No_Mut","No_Mut","No_Mut","No_Mut","No_Mut","No_Mut","No_Mut"
"48","A-ID-ZISS9","Metastasis","TNBC",TRUE,"Truncating_driver","No_Mut","No_Mut","No_Mut","No_Mut","No_Mut","Truncating_driver","No_Mut","No_Mut","No_Mut","No_Mut"
"49","A-ID-I0XZK","Primary","TNBC",FALSE,"Missense_driver","No_Mut","No_Mut","No_Mut","No_Mut","No_Mut","No_Mut","No_Mut","No_Mut","No_Mut","No_Mut"
"50","A-ID-AMZ7R","Metastasis","TNBC",TRUE,"Missense_driver","No_Mut","No_Mut","No_Mut","No_Mut","No_Mut","No_Mut","No_Mut","No_Mut","No_Mut","No_Mut"
"51","A-ID-6IFFP","Metastasis","TNBC",FALSE,"Splice_driver","No_Mut","No_Mut","No_Mut","No_Mut","No_Mut","Fusion","No_Mut","No_Mut","No_Mut","No_Mut"
"52","A-ID-GITVX","Primary","TNBC",TRUE,"Truncating_driver","No_Mut","No_Mut","No_Mut","No_Mut","No_Mut","No_Mut","No_Mut","No_Mut","No_Mut","No_Mut"
"53","A-ID-5S6H8","Metastasis","TNBC",TRUE,"Missense_driver","No_Mut","No_Mut","No_Mut","No_Mut","No_Mut","No_Mut","Splice_driver","No_Mut","No_Mut","No_Mut"
"54","A-ID-0CE15","Primary","HR+/HER2-",TRUE,"No_Mut","No_Mut","No_Mut","Truncating_driver","No_Mut","No_Mut","No_Mut","No_Mut","No_Mut","No_Mut","No_Mut"
"55","A-ID-394WF","Metastasis","TNBC",TRUE,"Truncating_driver","No_Mut","No_Mut","No_Mut","No_Mut","No_Mut","No_Mut","No_Mut","No_Mut","No_Mut","No_Mut"
"56","A-ID-JUF72","Metastasis","TNBC",TRUE,"Missense_driver","No_Mut","No_Mut","No_Mut","No_Mut","No_Mut","No_Mut","No_Mut","No_Mut","No_Mut","No_Mut"
"57","A-ID-RKMJM","Primary","TNBC",TRUE,"Truncating_driver","No_Mut","No_Mut","No_Mut","No_Mut","No_Mut","No_Mut","No_Mut","No_Mut","No_Mut","No_Mut"
"58","A-ID-3D0OH","Primary","HR+/HER2-",TRUE,"Fusion","No_Mut","No_Mut","Splice_driver","No_Mut","No_Mut","No_Mut","No_Mut","No_Mut","No_Mut","No_Mut"
"59","A-ID-GDN8Y","Primary","HR+/HER2-",TRUE,"No_Mut","Amplification","No_Mut","No_Mut","No_Mut","No_Mut","No_Mut","No_Mut","No_Mut","No_Mut","No_Mut"
"60","A-ID-ZLTUY","Metastasis","TNBC",TRUE,"Truncating_driver","No_Mut","No_Mut","No_Mut","No_Mut","No_Mut","No_Mut","No_Mut","No_Mut","No_Mut","No_Mut"
"61","A-ID-XKCOL","Primary","TNBC",TRUE,"Truncating_driver","No_Mut","No_Mut","No_Mut","No_Mut","No_Mut","No_Mut","No_Mut","No_Mut","No_Mut","No_Mut"
"62","A-ID-R3QIO","Metastasis","TNBC",TRUE,"Truncating_driver","No_Mut","No_Mut","No_Mut","No_Mut","No_Mut","No_Mut","No_Mut","No_Mut","No_Mut","No_Mut"
"63","A-ID-AN8XS","Metastasis","TNBC",TRUE,"No_Mut","No_Mut","No_Mut","No_Mut","No_Mut","No_Mut","No_Mut","No_Mut","No_Mut","No_Mut","No_Mut"
"64","A-ID-Q1S7V","Primary","HER2+",FALSE,"Missense_driver","No_Mut","No_Mut","No_Mut","No_Mut","Amplification","No_Mut","No_Mut","No_Mut","No_Mut","No_Mut"
"65","A-ID-6K1WD","Metastasis","TNBC",TRUE,"Inframe_driver","No_Mut","No_Mut","No_Mut","No_Mut","No_Mut","No_Mut","No_Mut","No_Mut","No_Mut","No_Mut"
"66","A-ID-1ZHJ0","Metastasis","HR+/HER2-",FALSE,"No_Mut","No_Mut","No_Mut","No_Mut","No_Mut","Inframe_driver","No_Mut","No_Mut","Truncating_driver","No_Mut","No_Mut"
"67","A-ID-UDJI4","Metastasis","TNBC",TRUE,"Missense_driver","No_Mut","No_Mut","No_Mut","No_Mut","No_Mut","No_Mut","No_Mut","No_Mut","Inframe_driver","No_Mut"
"68","A-ID-A9C1W","Primary","TNBC",FALSE,"Missense_driver","No_Mut","No_Mut","No_Mut","No_Mut","No_Mut","No_Mut","No_Mut","No_Mut","No_Mut","No_Mut"
"69","A-ID-WWDEU","Primary","TNBC",TRUE,"Missense_driver","No_Mut","No_Mut","No_Mut","No_Mut","No_Mut","No_Mut","No_Mut","No_Mut","No_Mut","No_Mut"
"70","A-ID-2GC4M","Metastasis","TNBC",TRUE,"Missense_driver","No_Mut","No_Mut","No_Mut","No_Mut","No_Mut","No_Mut","No_Mut","No_Mut","No_Mut","No_Mut"
"71","A-ID-YI1OD","Primary","TNBC",FALSE,"No_Mut","No_Mut","No_Mut","No_Mut","No_Mut","No_Mut","No_Mut","No_Mut","No_Mut","No_Mut","No_Mut"
"72","A-ID-C4R0L","Primary","TNBC",TRUE,"Truncating_driver","No_Mut","No_Mut","No_Mut","No_Mut","No_Mut","No_Mut","No_Mut","No_Mut","No_Mut","No_Mut"
"73","A-ID-KJJU8","Metastasis","TNBC",TRUE,"Truncating_driver","No_Mut","No_Mut","No_Mut","No_Mut","No_Mut","No_Mut","No_Mut","No_Mut","No_Mut","No_Mut"
"74","A-ID-D1NSQ","Metastasis","TNBC",TRUE,"Missense_driver","No_Mut","No_Mut","No_Mut","No_Mut","No_Mut","No_Mut","No_Mut","No_Mut","No_Mut","No_Mut"
"75","A-ID-2CN3C","Metastasis","HR+/HER2-",FALSE,"Missense_driver","Amplification","No_Mut","No_Mut","No_Mut","No_Mut","No_Mut","No_Mut","No_Mut","No_Mut","No_Mut"
"76","A-ID-HQDG0","Metastasis","TNBC",TRUE,"Truncating_driver","No_Mut","No_Mut","No_Mut","No_Mut","No_Mut","No_Mut","No_Mut","No_Mut","No_Mut","No_Mut"
"77","A-ID-IMKMO","Metastasis","HR+/HER2-",FALSE,"No_Mut","No_Mut","Truncating_driver","No_Mut","Amplification","No_Mut","No_Mut","No_Mut","No_Mut","No_Mut","No_Mut"
"78","A-ID-LOOIT","Metastasis","HR+/HER2-",TRUE,"Inframe_driver","Amplification","No_Mut","No_Mut","No_Mut","No_Mut","No_Mut","No_Mut","No_Mut","No_Mut","No_Mut"
"79","A-ID-BKKG3","Primary","TNBC",TRUE,"No_Mut","No_Mut","Deletion","No_Mut","No_Mut","No_Mut","No_Mut","No_Mut","No_Mut","No_Mut","No_Mut"
"80","A-ID-K0UI9","Primary","HR+/HER2-",FALSE,"No_Mut","No_Mut","No_Mut","No_Mut","Amplification","No_Mut","No_Mut","No_Mut","No_Mut","Missense_driver","No_Mut"
"81","A-ID-Q4YYL","Metastasis","TNBC",TRUE,"Inframe_driver","No_Mut","No_Mut","No_Mut","No_Mut","No_Mut","No_Mut","No_Mut","No_Mut","No_Mut","No_Mut"
"82","A-ID-SN8R3","Metastasis","TNBC",TRUE,"Truncating_driver","No_Mut","No_Mut","No_Mut","No_Mut","No_Mut","No_Mut","No_Mut","No_Mut","No_Mut","No_Mut"
"83","A-ID-44P05","Primary","HER2+",FALSE,"Missense_driver","No_Mut","No_Mut","No_Mut","No_Mut","Amplification","No_Mut","No_Mut","No_Mut","No_Mut","No_Mut"
"84","A-ID-C2A63","Metastasis","TNBC",TRUE,"Truncating_driver","No_Mut","No_Mut","No_Mut","No_Mut","No_Mut","No_Mut","No_Mut","Fusion","No_Mut","No_Mut"
"85","A-ID-DG7MB","Metastasis","TNBC",TRUE,"Missense_driver","No_Mut","No_Mut","No_Mut","No_Mut","No_Mut","No_Mut","Fusion","Fusion","No_Mut","No_Mut"
"86","A-ID-W4E1B","Metastasis","HR+/HER2-",FALSE,"No_Mut","No_Mut","No_Mut","No_Mut","No_Mut","No_Mut","No_Mut","No_Mut","No_Mut","Missense_driver","No_Mut"
"87","A-ID-BO1R2","Primary","TNBC",TRUE,"Splice_driver","No_Mut","No_Mut","No_Mut","No_Mut","No_Mut","No_Mut","No_Mut","No_Mut","No_Mut","No_Mut"
"88","A-ID-SSKL3","Primary","HR+/HER2-",FALSE,"No_Mut","No_Mut","No_Mut","No_Mut","No_Mut","No_Mut","No_Mut","Truncating_driver","No_Mut","No_Mut","No_Mut"
"89","A-ID-8M4F1","Primary","TNBC",TRUE,"Missense_driver","No_Mut","Truncating_driver","No_Mut","No_Mut","No_Mut","No_Mut","No_Mut","No_Mut","No_Mut","No_Mut"
"90","A-ID-9KHXT","Metastasis","HER2+",TRUE,"Missense_driver","No_Mut","No_Mut","No_Mut","No_Mut","No_Mut","No_Mut","No_Mut","No_Mut","No_Mut","No_Mut"
"91","A-ID-V0LFX","Primary","TNBC",TRUE,"Deletion","No_Mut","No_Mut","No_Mut","No_Mut","No_Mut","No_Mut","No_Mut","No_Mut","No_Mut","No_Mut"
"92","A-ID-0FTFO","Metastasis","TNBC",TRUE,"Truncating_driver","No_Mut","No_Mut","No_Mut","No_Mut","No_Mut","No_Mut","No_Mut","No_Mut","No_Mut","No_Mut"
"93","A-ID-K6LO7","Primary","TNBC",TRUE,"Missense_driver","No_Mut","No_Mut","No_Mut","No_Mut","No_Mut","No_Mut","No_Mut","No_Mut","No_Mut","No_Mut"
"94","A-ID-3TJ6X","Primary","HR+/HER2-",FALSE,"No_Mut","No_Mut","No_Mut","No_Mut","No_Mut","No_Mut","No_Mut","No_Mut","No_Mut","No_Mut","No_Mut"
"95","A-ID-QUJAZ","Metastasis","TNBC",FALSE,"Truncating_driver","No_Mut","No_Mut","No_Mut","No_Mut","No_Mut","No_Mut","No_Mut","No_Mut","No_Mut","No_Mut"
"96","A-ID-VIXZG","Metastasis","HR+/HER2-",TRUE,"No_Mut","No_Mut","No_Mut","No_Mut","No_Mut","No_Mut","No_Mut","No_Mut","No_Mut","No_Mut","Truncating_driver"
"97","A-ID-JDQTO","Metastasis","TNBC",TRUE,"Missense_driver","Amplification","No_Mut","No_Mut","No_Mut","No_Mut","No_Mut","No_Mut","No_Mut","No_Mut","No_Mut"
"98","A-ID-TMPHU","Primary","HR+/HER2-",TRUE,"Truncating_driver","No_Mut","No_Mut","No_Mut","No_Mut","No_Mut","No_Mut","No_Mut","No_Mut","No_Mut","No_Mut"
"99","A-ID-B9YTL","Metastasis","TNBC",TRUE,"Missense_driver","No_Mut","No_Mut","No_Mut","No_Mut","No_Mut","No_Mut","No_Mut","No_Mut","No_Mut","No_Mut"
"100","A-ID-4PJ4Y","Metastasis","TNBC",TRUE,"Missense_driver","No_Mut","No_Mut","No_Mut","No_Mut","No_Mut","No_Mut","No_Mut","No_Mut","No_Mut","No_Mut"
"101","A-ID-C7LTX","Primary","HR+/HER2-",TRUE,"Missense_driver","No_Mut","No_Mut","No_Mut","No_Mut","No_Mut","No_Mut","No_Mut","No_Mut","Missense_driver","No_Mut"
"102","A-ID-ELSSQ","Primary","TNBC",FALSE,"Missense_driver","No_Mut","No_Mut","No_Mut","No_Mut","No_Mut","No_Mut","No_Mut","No_Mut","No_Mut","No_Mut"
"103","A-ID-QZVVA","Primary","TNBC",FALSE,"No_Mut","No_Mut","No_Mut","No_Mut","No_Mut","No_Mut","No_Mut","No_Mut","No_Mut","No_Mut","No_Mut"
"104","A-ID-GYCCN","Primary","HR+/HER2-",FALSE,"Missense_driver","No_Mut","No_Mut","No_Mut","No_Mut","No_Mut","No_Mut","No_Mut","No_Mut","No_Mut","No_Mut"
"105","A-ID-WR0BM","Metastasis","TNBC",TRUE,"Missense_driver","No_Mut","No_Mut","No_Mut","No_Mut","No_Mut","No_Mut","No_Mut","No_Mut","No_Mut","No_Mut"
"106","A-ID-VKYKN","Primary","TNBC",TRUE,"Truncating_driver","No_Mut","No_Mut","No_Mut","No_Mut","No_Mut","No_Mut","No_Mut","No_Mut","No_Mut","No_Mut"
"107","A-ID-BL1VX","Metastasis","TNBC",TRUE,"Truncating_driver","No_Mut","No_Mut","No_Mut","No_Mut","No_Mut","No_Mut","No_Mut","No_Mut","No_Mut","No_Mut"
"108","A-ID-7Z03G","Primary","TNBC",TRUE,"Missense_driver","No_Mut","No_Mut","No_Mut","No_Mut","No_Mut","No_Mut","No_Mut","No_Mut","No_Mut","No_Mut"
"109","A-ID-CGZ17","Metastasis","TNBC",TRUE,"Truncating_driver","No_Mut","No_Mut","No_Mut","No_Mut","No_Mut","No_Mut","No_Mut","No_Mut","No_Mut","No_Mut"
"110","A-ID-0HUST","Primary","TNBC",TRUE,"Inframe_driver","Amplification","No_Mut","No_Mut","No_Mut","No_Mut","No_Mut","No_Mut","No_Mut","No_Mut","No_Mut"
"111","A-ID-9PMKK","Metastasis","TNBC",TRUE,"Inframe_driver","No_Mut","No_Mut","No_Mut","No_Mut","No_Mut","Truncating_driver","No_Mut","No_Mut","No_Mut","No_Mut"
"112","A-ID-HJBEZ","Primary","HR+/HER2-",TRUE,"Truncating_driver","No_Mut","No_Mut","No_Mut","No_Mut","No_Mut","No_Mut","No_Mut","No_Mut","No_Mut","No_Mut"
"113","A-ID-56ZYR","Metastasis","HR+/HER2-",FALSE,"No_Mut","No_Mut","No_Mut","No_Mut","No_Mut","No_Mut","No_Mut","No_Mut","No_Mut","No_Mut","No_Mut"
"114","A-ID-6ADSE","Primary","TNBC",TRUE,"Missense_driver","No_Mut","No_Mut","No_Mut","No_Mut","No_Mut","No_Mut","No_Mut","No_Mut","No_Mut","No_Mut"
"115","A-ID-5LGTE","Metastasis","TNBC",FALSE,"No_Mut","No_Mut","No_Mut","No_Mut","No_Mut","No_Mut","No_Mut","No_Mut","No_Mut","No_Mut","No_Mut"
"116","A-ID-WBZAQ","Primary","TNBC",TRUE,"Missense_driver","No_Mut","No_Mut","No_Mut","No_Mut","No_Mut","No_Mut","No_Mut","No_Mut","No_Mut","No_Mut"
"117","A-ID-LRVD1","Metastasis","TNBC",TRUE,"Missense_driver","No_Mut","No_Mut","No_Mut","No_Mut","No_Mut","No_Mut","No_Mut","No_Mut","No_Mut","No_Mut"
"118","A-ID-R7XKK","Primary","HR+/HER2-",TRUE,"No_Mut","No_Mut","No_Mut","Truncating_driver","No_Mut","No_Mut","No_Mut","No_Mut","No_Mut","No_Mut","No_Mut"
"119","A-ID-5HEZV","Primary","TNBC",TRUE,"Truncating_driver","No_Mut","Deletion","No_Mut","No_Mut","No_Mut","No_Mut","No_Mut","No_Mut","No_Mut","No_Mut"
"120","A-ID-9D10B","Primary","TNBC",TRUE,"Truncating_driver","Amplification","No_Mut","No_Mut","Amplification","No_Mut","No_Mut","No_Mut","No_Mut","No_Mut","No_Mut"
"121","A-ID-QUQIT","Primary","TNBC",TRUE,"Missense_driver","No_Mut","No_Mut","No_Mut","No_Mut","No_Mut","No_Mut","No_Mut","No_Mut","No_Mut","No_Mut"
"122","A-ID-KEPPO","Metastasis","TNBC",TRUE,"Truncating_driver","No_Mut","No_Mut","No_Mut","No_Mut","No_Mut","No_Mut","No_Mut","No_Mut","No_Mut","No_Mut"
"123","A-ID-0IYKI","Primary","TNBC",TRUE,"Missense_driver","No_Mut","No_Mut","No_Mut","No_Mut","No_Mut","No_Mut","No_Mut","No_Mut","No_Mut","No_Mut"
"124","A-ID-BENEQ","Metastasis","TNBC",TRUE,"Truncating_driver","No_Mut","No_Mut","No_Mut","No_Mut","No_Mut","No_Mut","No_Mut","No_Mut","No_Mut","No_Mut"
"125","A-ID-CGLBI","Metastasis","HER2+",FALSE,"Splice_driver","No_Mut","No_Mut","No_Mut","No_Mut","No_Mut","No_Mut","No_Mut","No_Mut","No_Mut","No_Mut"
"126","A-ID-2VX3P","Metastasis","TNBC",TRUE,"Missense_driver","Amplification","No_Mut","No_Mut","No_Mut","No_Mut","No_Mut","No_Mut","No_Mut","No_Mut","No_Mut"
"127","A-ID-3I4U8","Primary","TNBC",TRUE,"Missense_driver","No_Mut","No_Mut","No_Mut","No_Mut","No_Mut","No_Mut","No_Mut","No_Mut","No_Mut","No_Mut"
"128","A-ID-0TVJ4","Metastasis","HER2+",TRUE,"Splice_driver","No_Mut","No_Mut","No_Mut","No_Mut","No_Mut","No_Mut","No_Mut","No_Mut","No_Mut","Splice_driver"
"129","A-ID-YSGTP","Metastasis","HER2+",FALSE,"Splice_driver","No_Mut","No_Mut","No_Mut","No_Mut","No_Mut","No_Mut","No_Mut","No_Mut","No_Mut","No_Mut"
"130","A-ID-33FNG","Metastasis","TNBC",TRUE,"Truncating_driver","No_Mut","No_Mut","No_Mut","No_Mut","No_Mut","No_Mut","No_Mut","No_Mut","No_Mut","No_Mut"
"131","A-ID-YSJ60","Metastasis","TNBC",TRUE,"Truncating_driver","No_Mut","No_Mut","No_Mut","No_Mut","No_Mut","No_Mut","No_Mut","No_Mut","No_Mut","No_Mut"
"132","A-ID-A91LD","Primary","TNBC",TRUE,"Truncating_driver","No_Mut","No_Mut","No_Mut","No_Mut","No_Mut","No_Mut","No_Mut","No_Mut","No_Mut","No_Mut"
"133","A-ID-5HMJ2","Metastasis","TNBC",FALSE,"Missense_driver","No_Mut","No_Mut","No_Mut","No_Mut","No_Mut","No_Mut","No_Mut","No_Mut","No_Mut","No_Mut"
"134","A-ID-RL12X","Metastasis","TNBC",TRUE,"Missense_driver","No_Mut","No_Mut","No_Mut","No_Mut","No_Mut","No_Mut","No_Mut","Deletion","No_Mut","No_Mut"
"135","A-ID-P1JN3","Primary","TNBC",FALSE,"Missense_driver","Amplification","No_Mut","No_Mut","No_Mut","No_Mut","No_Mut","No_Mut","No_Mut","No_Mut","No_Mut"
"136","A-ID-BP7O2","Metastasis","TNBC",TRUE,"Truncating_driver","No_Mut","No_Mut","No_Mut","No_Mut","No_Mut","No_Mut","No_Mut","No_Mut","No_Mut","No_Mut"
"137","A-ID-ISYJV","Metastasis","TNBC",FALSE,"Missense_driver","No_Mut","No_Mut","No_Mut","No_Mut","No_Mut","No_Mut","No_Mut","No_Mut","No_Mut","No_Mut"
"138","A-ID-0SYVR","Metastasis","HR+/HER2-",TRUE,"No_Mut","Amplification","No_Mut","No_Mut","No_Mut","No_Mut","No_Mut","Fusion","No_Mut","No_Mut","No_Mut"
"139","A-ID-FPFNE","Metastasis","TNBC",TRUE,"Truncating_driver","No_Mut","No_Mut","No_Mut","No_Mut","No_Mut","No_Mut","No_Mut","No_Mut","No_Mut","No_Mut"
"140","A-ID-NUFW3","Primary","TNBC",TRUE,"Missense_driver","No_Mut","No_Mut","No_Mut","No_Mut","No_Mut","No_Mut","No_Mut","No_Mut","No_Mut","No_Mut"
"141","A-ID-KP6DG","Primary","HR+/HER2-",TRUE,"Truncating_driver","No_Mut","No_Mut","No_Mut","No_Mut","No_Mut","No_Mut","No_Mut","No_Mut","No_Mut","No_Mut"
"142","A-ID-KEXRH","Primary","HR+/HER2-",TRUE,"No_Mut","No_Mut","No_Mut","No_Mut","No_Mut","No_Mut","No_Mut","No_Mut","No_Mut","No_Mut","No_Mut"
