"","Anonymized.ID","rb1_ascn","Post_RB1","Post_PTEN","Post_AURKA","Post_LATS2","Post_YAP1","Post_FAT1","Post_CCNE1"
"1","S-ID-IJO02","Het_loss","Truncating_driver;acquired","Truncating_driver;acquired","WT","WT","WT","WT","WT"
"2","S-ID-3271W","Het_loss","Truncating_driver;acquired","Truncating_driver","WT","WT","WT","WT","WT"
"3","S-ID-A2S4U","Het_loss","Truncating_driver;acquired","WT","WT","WT","WT","WT","WT"
"4","S-ID-OMAQY","Het_loss","Truncating_driver;acquired","WT","WT","WT","WT","WT","WT"
"5","S-ID-U0YQV","Het_loss","Truncating_driver;acquired","WT","WT","WT","WT","WT","WT"
"6","S-ID-BOBMD","Het_loss","Truncating_driver;acquired","WT","WT","WT","WT","WT","WT"
"7","S-ID-63RRA","Het_loss","Truncating_driver;acquired","WT","WT","WT","WT","WT","WT"
"8","S-ID-2ZQUE","Het_loss","Truncating_driver;acquired","WT","WT","WT","WT","WT","WT"
"9","S-ID-FHO67","Het_loss","Truncating_driver;acquired","WT","WT","WT","WT","WT","WT"
"10","S-ID-K78H5","Het_loss","Truncating_driver;acquired","WT","WT","WT","WT","WT","WT"
"11","S-ID-OOIMG","Het_loss","Missense_driver;acquired","WT","WT","WT","WT","WT","WT"
"12","S-ID-N2AS3","Het_loss","Splice_driver;acquired","WT","Amplification","WT","WT","WT","WT"
"13","S-ID-10IDO","Het_loss","Splice_driver;acquired","WT","WT","Deletion;acquired","WT","WT","WT"
"14","S-ID-WXT5S","Het_loss","Splice_driver;acquired","WT","WT","WT","WT","WT","WT"
"15","S-ID-MHLU6","Het_loss","Splice_driver;acquired","WT","WT","WT","WT","WT","WT"
"16","S-ID-AYDK5","Het_loss","Splice_driver;acquired","WT","WT","WT","WT","WT","WT"
"17","S-ID-X6SEZ","Het_loss","Fusion;acquired","WT","Amplification;acquired","WT","WT","WT","WT"
"18","S-ID-F5ESM","Het_loss","Deletion;acquired","WT","WT","WT","WT","WT","WT"
"19","S-ID-7FJXZ","Het_loss","Truncating_driver;acquired","WT","WT","WT","WT","WT","WT"
"20","S-ID-0JY2A","Het_loss","Truncating_driver","WT","WT","WT","WT","WT","WT"
"21","S-ID-OT2DC","Het_loss","Truncating_driver;acquired","Deletion;acquired","WT","Deletion;acquired","WT","WT","WT"
"22","S-ID-MIU2L","Het_loss","WT","Deletion","WT","WT","WT","WT","WT"
"23","S-ID-2BYTE","Het_loss","WT","Truncating_driver;acquired","WT","WT","WT","WT","WT"
"24","S-ID-80JHA","Het_loss","WT","Deletion;acquired"," ","WT","WT","WT","WT"
"25","S-ID-3FDY6","Het_loss","WT","Deletion;acquired","WT","WT","WT","WT","WT"
"26","S-ID-5GS67","Het_loss","WT","Deletion;acquired","WT","WT","WT","WT","WT"
"27","S-ID-VTT9G","Het_loss","WT","Deletion;acquired","WT","WT","WT","WT","WT"
"28","S-ID-BRQRW","Het_loss","WT","Truncating_driver","WT","WT","WT","WT","WT"
"29","S-ID-DLS7L","Het_loss","WT","Truncating_driver","WT","WT","WT","WT","WT"
"30","S-ID-62XSI","Het_loss","WT","Missense_driver","WT","WT","WT","WT","WT"
"31","S-ID-AWULC","Het_loss","WT","Missense_driver","WT","WT","WT","Truncating_driver","WT"
"32","S-ID-A35EJ","Het_loss","WT","Splice_driver","WT","WT","WT","WT","WT"
"33","S-ID-SJPX8","Het_loss","WT","Deletion","WT","WT","WT","WT","WT"
"34","S-ID-H48XA","Het_loss","WT","WT","WT","WT","WT","WT","WT"
"35","S-ID-JDPZ0","Het_loss","WT","WT","WT","WT","WT","WT","WT"
"36","S-ID-HX432","Het_loss","WT","WT","WT","WT","WT","WT","WT"
"37","S-ID-XJTIH","Het_loss","WT","WT","WT","WT","WT","WT","WT"
"38","S-ID-X6DRI","Het_loss","WT","WT","WT","WT","WT","WT","WT"
"39","S-ID-9NPUX","Het_loss","WT","WT","WT","WT","WT","WT","WT"
"40","S-ID-N10NB","Het_loss","WT","WT","WT","WT","WT","WT","WT"
"41","S-ID-NDLS9","Het_loss","WT","WT","Amplification;acquired","WT","WT","WT","WT"
"42","S-ID-7M25O","Het_loss","WT","WT","Amplification;acquired","WT","WT","WT","WT"
"43","S-ID-7AW9O","Het_loss","WT","WT","Amplification;acquired","WT","WT","WT","WT"
"44","S-ID-HJ7SA","Het_loss","WT","WT","Amplification","WT","WT","WT","WT"
"45","S-ID-YJ3WY","Het_loss","WT","WT","Amplification","WT","WT","WT","WT"
"46","S-ID-VV1K0","Het_loss","WT","WT","WT","WT","WT","WT","Amplification"
"47","S-ID-XPK7N","Het_loss","WT","WT","WT","WT","WT","WT","WT"
"48","S-ID-LFSH6","Het_loss","WT","WT","WT","WT","WT","WT","WT"
"49","S-ID-7CMX0","Het_loss","WT","WT","WT","WT","WT","WT","WT"
"50","S-ID-I04K6","Het_loss","WT","WT","WT","WT","WT","WT","WT"
"51","S-ID-3AQLS","Het_loss","WT","WT","WT","Truncating_driver;acquired","WT","WT","WT"
"52","S-ID-CSJML","Het_loss","WT","WT","WT","Truncating_driver;acquired","WT","WT","WT"
"53","S-ID-MDVPC","Het_loss","Truncating_driver;acquired","WT","WT","WT","WT","WT","WT"
"54","S-ID-5TZ3T","Het_loss","WT","WT","WT","WT","WT","WT","WT"
"55","S-ID-4P4P1","Het_loss","WT","WT","WT","WT","WT","WT","WT"
"56","S-ID-D797F","Het_loss","WT","WT","WT","WT","Amplification;acquired","WT","WT"
"57","S-ID-FE2WA","Het_loss","WT","WT","WT","WT","WT","WT","WT"
"58","S-ID-6U9OY","Het_loss","WT","WT","WT","WT","WT","WT","WT"
"59","S-ID-UJXQE","Het_loss","WT","WT","WT","WT","WT","WT","WT"
"60","S-ID-IDE22","Het_loss","WT","WT","WT","WT","WT","WT","WT"
"61","S-ID-UFNE9","Het_loss","WT","WT","WT","WT","WT","WT","WT"
"62","S-ID-10G1X","Het_loss","WT","WT","WT","WT","WT","WT","WT"
"63","S-ID-VY61P","Het_loss","WT","WT","WT","WT","WT","WT","WT"
"64","S-ID-ZH053","Het_loss","WT","WT","WT","WT","WT","WT","WT"
"65","S-ID-BX8Z8","Het_loss","WT","WT","WT","WT","WT","WT","WT"
"66","S-ID-XDADK","Het_loss","WT","WT","WT","WT","WT","WT","WT"
"67","S-ID-BNEFR","Het_loss","WT","WT","WT","WT","WT","WT","WT"
"68","S-ID-JG011","Het_loss","WT","WT","WT","WT","WT","WT","WT"
"69","S-ID-8D5JO","Het_loss","WT","WT","WT","WT","WT","WT","WT"
"70","S-ID-Y9VL7","Het_loss","WT","WT","WT","WT","WT","WT","WT"
"71","S-ID-VZ41A","Het_loss","WT","WT","WT","WT","WT","WT","WT"
"72","S-ID-SJ2OT","Het_loss","WT","WT","WT","WT","WT","WT","WT"
"73","S-ID-GQQIA","Het_loss","WT","WT","WT","WT","WT","WT","WT"
"74","S-ID-E8QV0","Het_loss","WT","WT","WT","WT","WT","WT","WT"
"75","S-ID-TXN8D","Het_loss","WT","WT","WT","WT","WT","WT","WT"
"76","S-ID-2SV29","Het_loss","WT","WT","WT","WT","WT","WT","WT"
"77","S-ID-EO3CZ","Het_loss","WT","WT","WT","WT","WT","WT","WT"
"78","S-ID-G4XM9","Het_loss","WT","WT","WT","WT","WT","WT","WT"
"79","S-ID-MBVJS","Het_loss","WT","WT","WT","WT","WT","WT","WT"
"80","S-ID-IUFTL","Het_loss","WT","WT","WT","WT","WT","WT","WT"
"81","S-ID-MVPFN","Het_loss","WT","WT","WT","WT","WT","WT","WT"
"82","S-ID-FBWEM","Het_loss","WT","WT","WT","WT","WT","WT","WT"
"83","S-ID-BOB7G","Het_loss","WT","WT","WT","WT","WT","WT","WT"
"84","S-ID-USPBI","Het_loss","WT","WT","WT","WT","WT","WT","WT"
"85","S-ID-D6HNF","Het_loss","WT","WT","WT","WT","WT","WT","WT"
"86","S-ID-RFTMI","Het_loss","WT","WT","WT","WT","WT","WT","WT"
"87","S-ID-19B2G","Het_loss","WT","WT","WT","WT","WT","WT","WT"
"88","S-ID-HY154","Het_loss","WT","WT","WT","WT","WT","WT","WT"
"89","S-ID-8FSGV","Het_loss","WT","WT","WT","WT","WT","WT","WT"
"90","S-ID-LLP2I","Het_loss","WT","WT","WT","WT","WT","WT","WT"
"91","S-ID-NZ73J","Het_loss","WT","WT","WT","WT","WT","WT","WT"
"92","S-ID-0P6MD","Het_loss","WT","WT","WT","WT","WT","WT","WT"
"93","S-ID-CFCW9","Het_loss","WT","WT","WT","WT","WT","WT","WT"
"94","S-ID-CM5U5","Het_loss","WT","WT","WT","WT","WT","WT","WT"
"95","S-ID-FNZZU","Het_loss","WT","WT","WT","WT","WT","WT","WT"
"96","S-ID-Z5EFZ","Het_loss","WT","WT","WT","WT","WT","WT","WT"
"97","S-ID-DG9V3","Het_loss","WT","WT","WT","WT","WT","WT","WT"
"98","S-ID-H34UJ","Het_loss","WT","WT","WT","WT","WT","WT","WT"
"99","S-ID-FLTAM","Het_loss","WT","WT","WT","WT","WT","WT","WT"
"100","S-ID-VE7OB","Het_loss","WT","WT","WT","WT","WT","WT","WT"
"101","S-ID-2MOO0","Het_loss","WT","WT","WT","WT","WT","WT","WT"
"102","S-ID-5A45Z","Het_loss","WT","WT","WT","WT","WT","WT","WT"
"103","S-ID-NUXVE","Het_loss","WT","WT","WT","WT","WT","WT","WT"
"104","S-ID-YKSI0","Het_loss","WT","WT","WT","WT","WT","WT","WT"
"105","S-ID-MR0QS","Het_loss","WT","WT","WT","WT","WT","WT","WT"
"106","S-ID-JNJJB","Het_loss","WT","WT","WT","WT","WT","WT","WT"
"107","S-ID-QVTQL","Het_loss","WT","WT","WT","WT","WT","WT","WT"
"108","S-ID-3AXJL","Het_loss","WT","WT","WT","WT","WT","WT","WT"
"109","S-ID-2KDHX","Het_loss","WT","WT","WT","WT","WT","WT","WT"
"110","S-ID-8OPSQ","Het_loss","WT","WT","WT","WT","WT","WT","WT"
"111","S-ID-RG71Y","Het_loss","WT","WT","WT","WT","WT","WT","WT"
"112","S-ID-KF1DI","Het_loss","WT","WT","WT","WT","WT","WT","WT"
"113","S-ID-KTQ8X","Het_loss","WT","WT","WT","WT","WT","WT","WT"
"114","S-ID-6YEO9","Het_loss","WT","WT","WT","WT","WT","WT","WT"
"115","S-ID-AHFDU","Het_loss","WT","WT","WT","WT","WT","WT","WT"
"116","S-ID-BN6JN","Het_loss","WT","WT","WT","WT","WT","WT","WT"
"117","S-ID-ENPHB","Het_loss","WT","WT","WT","WT","WT","WT","WT"
"118","S-ID-QNPCV","Het_loss","WT","WT","WT","WT","WT","WT","WT"
"119","S-ID-NHJLW","Het_loss","WT","WT","WT","WT","WT","WT","WT"
"120","S-ID-NNEQZ","Het_loss","WT","WT","WT","WT","WT","WT","WT"
"121","S-ID-4S6DH","Het_loss","WT","WT","WT","WT","WT","WT","WT"
"122","S-ID-C9BSJ","Het_loss","WT","WT","WT","WT","WT","WT","WT"
"123","S-ID-QI97K","Het_loss","WT","WT","WT","WT","WT","WT","WT"
"124","S-ID-G5XT8","Het_loss","WT","WT","WT","WT","WT","WT","WT"
"125","S-ID-DFOT3","Het_loss","WT","WT","WT","WT","WT","WT","WT"
"126","S-ID-QU17R","Het_loss","WT","WT","WT","WT","WT","WT","WT"
"127","S-ID-K2HUV","Het_loss","WT","WT","WT","WT","WT","WT","WT"
"128","S-ID-62ZXL","Het_loss","WT","WT","WT","WT","WT","WT","WT"
"129","S-ID-G5EZ6","Het_loss","WT","WT","WT","WT","WT","WT","WT"
"130","S-ID-5ERD9","Het_loss","WT","WT","WT","WT","WT","WT","WT"
"131","S-ID-AHU23","Het_loss","WT","WT","WT","WT","WT","WT","WT"
"132","S-ID-D6LNQ","Het_loss","WT","WT","WT","WT","WT","WT","WT"
"133","S-ID-4EBYT","Het_loss","WT","WT","WT","WT","WT","WT","WT"
"134","S-ID-VYE7H","Het_loss","WT","WT","WT","WT","WT","WT","WT"
"135","S-ID-VSRKH","Het_loss","WT","WT","WT","WT","WT","WT","WT"
"136","S-ID-MQBRS","Het_loss","WT","WT","WT","WT","WT","WT","WT"
"137","S-ID-DD8XA","Het_loss","WT","WT","WT","WT","WT","WT","WT"
"138","S-ID-IVHC3","Het_loss","WT","WT","WT","WT","WT","WT","WT"
"139","S-ID-TAT8V","Het_loss","WT","WT","WT","WT","WT","WT","WT"
"140","S-ID-97IMY","Het_loss","WT","WT","WT","WT","WT","WT","WT"
"141","S-ID-EMXAU","Het_loss","WT","WT","WT","WT","WT","WT","WT"
"142","S-ID-8RMEQ","Het_loss","WT","WT","WT","WT","WT","WT","WT"
"143","S-ID-KZ7EJ","Het_loss","WT","WT","WT","WT","WT","WT","WT"
"144","S-ID-RI9V2","Het_loss","WT","WT","WT","WT","WT","WT","WT"
"145","S-ID-AFZKD","Het_loss","WT","WT","WT","WT","WT","WT","WT"
"146","S-ID-YFEYQ","Other_LOH","Truncating_driver;acquired","Missense_driver","WT","WT","WT","WT","WT"
"147","S-ID-E3HUK","Other_LOH","Truncating_driver;acquired","WT","WT","WT","WT","WT","WT"
"148","S-ID-X9EM8","Other_LOH","Splice_driver","WT","Amplification;acquired","WT","WT","WT","WT"
"149","S-ID-PYAML","Other_LOH","WT","WT","WT","WT","WT","WT","WT"
"150","S-ID-IY18N","Other_LOH","WT","Missense_driver;acquired","WT","WT","WT","WT","WT"
"151","S-ID-ZYRIY","Other_LOH","WT","Truncating_driver","WT","WT","WT","WT","WT"
"152","S-ID-ZH3T7","Other_LOH","WT","Truncating_driver","WT","WT","WT","WT","WT"
"153","S-ID-MEVS1","Other_LOH","WT","Truncating_driver","WT","WT","WT","WT","WT"
"154","S-ID-6GGZO","Other_LOH","WT","Splice_driver","WT","WT","WT","WT","WT"
"155","S-ID-F43T4","Other_LOH","WT","Splice_driver","WT","WT","WT","WT","WT"
"156","S-ID-X2WSU","Other_LOH","WT","Splice_driver","WT","WT","WT","WT","WT"
"157","S-ID-E7TP9","Other_LOH","WT","Deletion","WT","WT","WT","WT","WT"
"158","S-ID-UT74O","Other_LOH","WT","Deletion","WT","WT","WT","WT","WT"
"159","S-ID-NYAVE","Other_LOH","WT","WT","WT","WT","WT","WT","WT"
"160","S-ID-UIJ0I","Other_LOH","WT","WT","WT","Deletion;acquired","WT","WT","WT"
"161","S-ID-24MCH","Other_LOH","WT","WT","WT","WT","Amplification;acquired","WT","WT"
"162","S-ID-T0NQ1","Other_LOH","WT","WT","WT","WT","WT","WT","WT"
"163","S-ID-KMYG5","Other_LOH","WT","WT","WT","WT","WT","WT","Amplification"
"164","S-ID-C4BW8","Other_LOH","WT","WT","WT","WT","WT","WT","WT"
"165","S-ID-EYQSI","Other_LOH","WT","WT","WT","WT","WT","WT","WT"
"166","S-ID-U2G6J","Other_LOH","WT","WT","WT","WT","WT","WT","WT"
"167","S-ID-C6572","Other_LOH","WT","WT","WT","WT","WT","WT","WT"
"168","S-ID-4QZV2","Other_LOH","WT","WT","WT","WT","WT","WT","WT"
"169","S-ID-52RJM","Other_LOH","WT","WT","WT","WT","WT","WT","WT"
"170","S-ID-UWRRJ","Other_LOH","WT","WT","WT","WT","WT","WT","WT"
"171","S-ID-JA4K9","Other_LOH","WT","WT","WT","WT","WT","WT","WT"
"172","S-ID-0PBZ9","Other_LOH","WT","WT","WT","WT","WT","WT","WT"
"173","S-ID-IO7FI","Other_LOH","WT","WT","WT","WT","WT","WT","WT"
"174","S-ID-OL9FR","Other_LOH","WT","WT","WT","WT","WT","WT","WT"
"175","S-ID-JQLLP","Other_LOH","WT","WT","WT","WT","WT","WT","WT"
"176","S-ID-UE634","Other_LOH","WT","WT","WT","WT","WT","WT","WT"
"177","S-ID-23R0M","Other_LOH","WT","WT","WT","WT","WT","WT","WT"
"178","S-ID-UD9ZU","Other_LOH","WT","WT","WT","WT","WT","WT","WT"
"179","S-ID-RQMZB","Other_LOH","WT","WT","WT","WT","WT","WT","WT"
"180","S-ID-ISUKT","Other_LOH","WT","WT","WT","WT","WT","WT","WT"
"181","S-ID-7QMI6","Other_LOH","WT","WT","WT","WT","WT","WT","WT"
"182","S-ID-18QXW","Other_LOH","WT","WT","WT","WT","WT","WT","WT"
"183","S-ID-7F4ZK","Other_LOH","WT","WT","WT","WT","WT","WT","WT"
"184","S-ID-IYH4H","Other_LOH","WT","WT","WT","WT","WT","WT","WT"
"185","S-ID-4GN8F","Other_LOH","WT","WT","WT","WT","WT","WT","WT"
"186","S-ID-62UIU","Other_LOH","WT","WT","WT","WT","WT","WT","WT"
"187","S-ID-4A8F3","Other_LOH","WT","WT","WT","WT","WT","WT","WT"
"188","S-ID-DA1JK","Other_LOH","WT","WT","WT","WT","WT","WT","WT"
"189","S-ID-6SXR4","Other_LOH","WT","WT","WT","WT","WT","WT","WT"
"190","S-ID-FJG5Z","Other_LOH","WT","WT","WT","WT","WT","WT","WT"
"191","S-ID-Z2T7P","Other_LOH","WT","WT","WT","WT","WT","WT","WT"
"192","S-ID-KIER9","Other_LOH","WT","WT","WT","WT","WT","WT","WT"
"193","S-ID-24UZ3","Other_LOH","WT","WT","WT","WT","WT","WT","WT"
"194","S-ID-KQIS2","Other_LOH","WT","WT","WT","WT","WT","WT","WT"
"195","S-ID-E9HON","Other_LOH","WT","WT","WT","WT","WT","WT","WT"
"196","S-ID-WIVK6","Other_LOH","WT","WT","WT","WT","WT","WT","WT"
"197","S-ID-92M9C","Other_LOH","WT","WT","WT","WT","WT","WT","WT"
"198","S-ID-2WOU3","Other_LOH","WT","WT","WT","WT","WT","WT","WT"
"199","S-ID-5OOBU","Other_LOH","WT","WT","WT","WT","WT","WT","WT"
"200","S-ID-TKT4J","Other_LOH","WT","WT","WT","WT","WT","WT","WT"
"201","S-ID-7RUEU","Other_LOH","WT","WT","WT","WT","WT","WT","WT"
"202","S-ID-RG3IH","Other_LOH","WT","WT","WT","WT","WT","WT","WT"
"203","S-ID-AM8MM","Other_LOH","WT","WT","WT","WT","WT","WT","WT"
"204","S-ID-7N7BD","Other_LOH","WT","WT","WT","WT","WT","WT","WT"
"205","S-ID-TLJLC","Other_LOH","WT","WT","WT","WT","WT","WT","WT"
"206","S-ID-27N8H","Other_LOH","WT","WT","WT","WT","WT","WT","WT"
"207","S-ID-CW1SP","Other_LOH","WT","WT","WT","WT","WT","WT","WT"
"208","S-ID-UOH0R","Other_LOH","WT","WT","WT","WT","WT","WT","WT"
"209","S-ID-AC96Z","Heterozygous","Truncating_driver;acquired","Truncating_driver;acquired","WT","WT","WT","WT","WT"
"210","S-ID-Q0U4G","Heterozygous","Truncating_driver;acquired","WT","WT","WT","WT","WT","WT"
"211","S-ID-KZGZ1","Heterozygous","Truncating_driver;acquired","WT","WT","WT","WT","WT","WT"
"212","S-ID-F10P7","Heterozygous","WT","WT","WT","WT","WT","WT","WT"
"213","S-ID-UKKIZ","Heterozygous","WT","Truncating_driver;acquired","WT","WT","WT","WT","WT"
"214","S-ID-0K7G4","Heterozygous","WT","Missense_driver;acquired","WT","WT","WT","WT","WT"
"215","S-ID-WTUYF","Heterozygous","WT","Deletion;acquired","WT","WT","WT","WT","WT"
"216","S-ID-CVREP","Heterozygous","WT","Deletion;acquired","WT","WT","WT","WT","WT"
"217","S-ID-YR45W","Heterozygous","WT","Deletion;acquired","WT","WT","WT","WT","WT"
"218","S-ID-564GZ","Heterozygous","WT","Truncating_driver","WT","WT","WT","WT","WT"
"219","S-ID-MDXPN","Heterozygous","WT","Truncating_driver","WT","WT","WT","WT","WT"
"220","S-ID-WZHKW","Heterozygous","WT","Truncating_driver","WT","WT","WT","WT","WT"
"221","S-ID-VBZBM","Heterozygous","WT","Truncating_driver","WT","WT","WT","WT","WT"
"222","S-ID-X52BC","Heterozygous","WT","Truncating_driver","WT","WT","WT","WT","WT"
"223","S-ID-VP3KE","Heterozygous","WT","Truncating_driver","WT","WT","WT","WT","WT"
"224","S-ID-6LU12","Heterozygous","WT","Missense_driver","WT","WT","WT","WT","WT"
"225","S-ID-6GP33","Heterozygous","WT","Deletion","WT","WT","WT","WT","WT"
"226","S-ID-0JHMN","Heterozygous","WT","Deletion","WT","WT","WT","WT","WT"
"227","S-ID-EDAWO","Heterozygous","WT","Deletion","WT","WT","WT","WT","WT"
"228","S-ID-EIR18","Heterozygous","WT","WT","WT","WT","WT","WT","WT"
"229","S-ID-ADR7U","Heterozygous","WT","WT","WT","WT","WT","WT","WT"
"230","S-ID-F32VJ","Heterozygous","WT","WT","WT","WT","WT","WT","WT"
"231","S-ID-4CZL4","Heterozygous","WT","WT","WT","WT","WT","WT","WT"
"232","S-ID-7XNU7","Heterozygous","WT","WT","WT","WT","WT","WT","WT"
"233","S-ID-EJF9Z","Heterozygous","WT","WT","WT","WT","WT","WT","WT"
"234","S-ID-MHAYO","Heterozygous","WT","WT","WT","WT","WT","WT","WT"
"235","S-ID-16V9C","Heterozygous","WT","WT","WT","WT","WT","WT","WT"
"236","S-ID-NA8V1","Heterozygous","WT","WT","Amplification;acquired","WT","WT","WT","WT"
"237","S-ID-HUOEP","Heterozygous","WT","WT","Amplification","WT","WT","WT","WT"
"238","S-ID-4JQ4F","Heterozygous","WT","WT","Amplification","WT","WT","WT","WT"
"239","S-ID-EBB84","Heterozygous","WT","WT","Amplification","WT","WT","WT","WT"
"240","S-ID-25MW4","Heterozygous","WT","WT","Amplification","WT","WT","WT","WT"
"241","S-ID-B4UZD","Heterozygous","WT","WT","WT","WT","WT","WT","WT"
"242","S-ID-8C1NG","Heterozygous","WT","WT","WT","WT","WT","WT","WT"
"243","S-ID-ZF5MC","Heterozygous","WT","WT","WT","WT","WT","WT","WT"
"244","S-ID-4I48K","Heterozygous","WT","WT","WT","WT","WT","WT","WT"
"245","S-ID-CY5IG","Heterozygous","WT","WT","WT","WT","WT","WT","WT"
"246","S-ID-8P09E","Heterozygous","WT","WT","WT","WT","WT","WT","WT"
"247","S-ID-TU76U","Heterozygous","WT","WT","WT","WT","WT","WT","WT"
"248","S-ID-RYHO8","Heterozygous","WT","WT","WT","WT","Amplification;acquired","WT","WT"
"249","S-ID-DOLL5","Heterozygous","WT","WT","WT","WT","WT","WT","WT"
"250","S-ID-A70O9","Heterozygous","WT","WT","WT","WT","WT","WT","WT"
"251","S-ID-QPHR6","Heterozygous","WT","WT","WT","WT","WT","Truncating_driver","WT"
"252","S-ID-6NR84","Heterozygous","WT","WT","WT","WT","WT","WT","Amplification"
"253","S-ID-O8EGI","Heterozygous","WT","WT","WT","WT","WT","WT","WT"
"254","S-ID-YX49E","Heterozygous","WT","WT","WT","WT","WT","WT","WT"
"255","S-ID-4Q29T","Heterozygous","WT","WT","WT","WT","WT","WT","WT"
"256","S-ID-3OEJJ","Heterozygous","WT","WT","WT","WT","WT","WT","WT"
"257","S-ID-C1ZBF","Heterozygous","WT","WT","WT","WT","WT","WT","WT"
"258","S-ID-X60RD","Heterozygous","WT","WT","WT","WT","WT","WT","WT"
"259","S-ID-9GIO9","Heterozygous","WT","WT","WT","WT","WT","WT","WT"
"260","S-ID-ZPUMA","Heterozygous","WT","WT","WT","WT","WT","WT","WT"
"261","S-ID-XEVUG","Heterozygous","WT","WT","WT","WT","WT","WT","WT"
"262","S-ID-ABWWX","Heterozygous","WT","WT","WT","WT","WT","WT","WT"
"263","S-ID-6OYYA","Heterozygous","WT","WT","WT","WT","WT","WT","WT"
"264","S-ID-DU6D8","Heterozygous","WT","WT","WT","WT","WT","WT","WT"
"265","S-ID-4HYIU","Heterozygous","WT","WT","WT","WT","WT","WT","WT"
"266","S-ID-UYL74","Heterozygous","WT","WT","WT","WT","WT","WT","WT"
"267","S-ID-69SCU","Heterozygous","WT","WT","WT","WT","WT","WT","WT"
"268","S-ID-8T868","Heterozygous","WT","WT","WT","WT","WT","WT","WT"
"269","S-ID-SCWDW","Heterozygous","WT","WT","WT","WT","WT","WT","WT"
"270","S-ID-3S4WO","Heterozygous","WT","WT","WT","WT","WT","WT","WT"
"271","S-ID-LJSR5","Heterozygous","WT","WT","WT","WT","WT","WT","WT"
"272","S-ID-7ESW1","Heterozygous","WT","WT","WT","WT","WT","WT","WT"
"273","S-ID-ZWR53","Heterozygous","WT","WT","WT","WT","WT","WT","WT"
"274","S-ID-J74QE","Heterozygous","WT","WT","WT","WT","WT","WT","WT"
"275","S-ID-86OIF","Heterozygous","WT","WT","WT","WT","WT","WT","WT"
"276","S-ID-WGS3U","Heterozygous","WT","WT","WT","WT","WT","WT","WT"
"277","S-ID-6VX84","Heterozygous","WT","WT","WT","WT","WT","WT","WT"
"278","S-ID-PZDS6","Heterozygous","WT","WT","WT","WT","WT","WT","WT"
"279","S-ID-F2NYS","Heterozygous","WT","WT","WT","WT","WT","WT","WT"
"280","S-ID-6YFBF","Heterozygous","WT","WT","WT","WT","WT","WT","WT"
"281","S-ID-K1PGH","Heterozygous","WT","WT","WT","WT","WT","WT","WT"
"282","S-ID-4CP92","Heterozygous","WT","WT","WT","WT","WT","WT","WT"
"283","S-ID-F9YGK","Heterozygous","WT","WT","WT","WT","WT","WT","WT"
"284","S-ID-H4XA5","Heterozygous","WT","WT","WT","WT","WT","WT","WT"
"285","S-ID-W02P6","Heterozygous","WT","WT","WT","WT","WT","WT","WT"
"286","S-ID-NWDZ2","Heterozygous","WT","WT","WT","WT","WT","WT","WT"
"287","S-ID-8745F","Heterozygous","WT","WT","WT","WT","WT","WT","WT"
"288","S-ID-RNZ7S","Heterozygous","WT","WT","WT","WT","WT","WT","WT"
"289","S-ID-JG7G0","Heterozygous","WT","WT","WT","WT","WT","WT","WT"
"290","S-ID-19I21","Heterozygous","WT","WT","WT","WT","WT","WT","WT"
"291","S-ID-BIKST","Heterozygous","WT","WT","WT","WT","WT","WT","WT"
"292","S-ID-KNKET","Heterozygous","WT","WT","WT","WT","WT","WT","WT"
"293","S-ID-TWIG5","Heterozygous","WT","WT","WT","WT","WT","WT","WT"
"294","S-ID-AN3YI","Heterozygous","WT","WT","WT","WT","WT","WT","WT"
"295","S-ID-SZZ8Q","Heterozygous","WT","WT","WT","WT","WT","WT","WT"
"296","S-ID-BKXVV","Heterozygous","WT","WT","WT","WT","WT","WT","WT"
"297","S-ID-1L4IF","Heterozygous","WT","WT","WT","WT","WT","WT","WT"
"298","S-ID-Q34W0","Heterozygous","WT","WT","WT","WT","WT","WT","WT"
"299","S-ID-J27DM","Heterozygous","WT","WT","WT","WT","WT","WT","WT"
"300","S-ID-54EJZ","Heterozygous","WT","WT","WT","WT","WT","WT","WT"
"301","S-ID-IXF7B","Heterozygous","WT","WT","WT","WT","WT","WT","WT"
"302","S-ID-S1XFW","Heterozygous","WT","WT","WT","WT","WT","WT","WT"
"303","S-ID-4LSBZ","Heterozygous","WT","WT","WT","WT","WT","WT","WT"
"304","S-ID-ZTXPF","Heterozygous","WT","WT","WT","WT","WT","WT","WT"
"305","S-ID-4V5VR","Heterozygous","WT","WT","WT","WT","WT","WT","WT"
"306","S-ID-H6YHH","Heterozygous","WT","WT","WT","WT","WT","WT","WT"
"307","S-ID-Q2CRJ","Heterozygous","WT","WT","WT","WT","WT","WT","WT"
"308","S-ID-0PLX0","Heterozygous","WT","WT","WT","WT","WT","WT","WT"
"309","S-ID-JF17K","Heterozygous","WT","WT","WT","WT","WT","WT","WT"
"310","S-ID-ED978","Heterozygous","WT","WT","WT","WT","WT","WT","WT"
"311","S-ID-TY44O","Heterozygous","WT","WT","WT","WT","WT","WT","WT"
"312","S-ID-M3QAA","Heterozygous","WT","WT","WT","WT","WT","WT","WT"
"313","S-ID-XM8H2","Heterozygous","WT","WT","WT","WT","WT","WT","WT"
"314","S-ID-ZQ9L4","Heterozygous","WT","WT","WT","WT","WT","WT","WT"
"315","S-ID-KT8K5","Heterozygous","WT","WT","WT","WT","WT","WT","WT"
"316","S-ID-XWUZA","Heterozygous","WT","WT","WT","WT","WT","WT","WT"
"317","S-ID-IJE1B","Heterozygous","WT","WT","WT","WT","WT","WT","WT"
"318","S-ID-PXRLX","Heterozygous","WT","WT","WT","WT","WT","WT","WT"
"319","S-ID-6GTH8","Heterozygous","WT","WT","WT","WT","WT","WT","WT"
"320","S-ID-E9I7L","Heterozygous","WT","WT","WT","WT","WT","WT","WT"
"321","S-ID-DN70M","Heterozygous","WT","WT","WT","WT","WT","WT","WT"
"322","S-ID-1C1AG","Heterozygous","WT","WT","WT","WT","WT","WT","WT"
"323","S-ID-V7Y08","Heterozygous","WT","WT","WT","WT","WT","WT","WT"
"324","S-ID-Q4XIL","Heterozygous","WT","WT","WT","WT","WT","WT","WT"
"325","S-ID-4V3HD","Heterozygous","WT","WT","WT","WT","WT","WT","WT"
"326","S-ID-HPX55","Heterozygous","WT","WT","WT","WT","WT","WT","WT"
"327","S-ID-0QEI4","Heterozygous","WT","WT","WT","WT","WT","WT","WT"
"328","S-ID-KFQIK","Heterozygous","WT","WT","WT","WT","WT","WT","WT"
"329","S-ID-91MQX","Heterozygous","WT","WT","WT","WT","WT","WT","WT"
"330","S-ID-PM2LI","Heterozygous","WT","WT","WT","WT","WT","WT","WT"
"331","S-ID-5GBLG","Heterozygous","WT","WT","WT","WT","WT","WT","WT"
"332","S-ID-U72XT","Heterozygous","WT","WT","WT","WT","WT","WT","WT"
"333","S-ID-1ZRFD","Heterozygous","WT","WT","WT","WT","WT","WT","WT"
"334","S-ID-5RVG8","Heterozygous","WT","WT","WT","WT","WT","WT","WT"
"335","S-ID-KJKQG","Heterozygous","WT","WT","WT","WT","WT","WT","WT"
"336","S-ID-L20NR","Heterozygous","WT","WT","WT","WT","WT","WT","WT"
"337","S-ID-MMNZM","Heterozygous","WT","WT","WT","WT","WT","WT","WT"
"338","S-ID-O4H55","Heterozygous","WT","WT","WT","WT","WT","WT","WT"
"339","S-ID-23ZE5","Heterozygous","WT","WT","WT","WT","WT","WT","WT"
"340","S-ID-EJH6P","Heterozygous","WT","WT","WT","WT","WT","WT","WT"
"341","S-ID-AZKV3","Heterozygous","WT","WT","WT","WT","WT","WT","WT"
"342","S-ID-H30EJ","Heterozygous","WT","WT","WT","WT","WT","WT","WT"
"343","S-ID-CHH9V","Heterozygous","WT","WT","WT","WT","WT","WT","WT"
"344","S-ID-8N75K","Heterozygous","WT","WT","WT","WT","WT","WT","WT"
"345","S-ID-FRDCK","Heterozygous","WT","WT","WT","WT","WT","WT","WT"
"346","S-ID-9J5CT","Heterozygous","WT","WT","WT","WT","WT","WT","WT"
"347","S-ID-77DHO","Heterozygous","WT","WT","WT","WT","WT","WT","WT"
"348","S-ID-5GDZP","Heterozygous","WT","WT","WT","WT","WT","WT","WT"
"349","S-ID-60HMD","Heterozygous","WT","WT","WT","WT","WT","WT","WT"
"350","S-ID-NAPBE","Heterozygous","WT","WT","WT","WT","WT","WT","WT"
"351","S-ID-LV676","Heterozygous","WT","WT","WT","WT","WT","WT","WT"
"352","S-ID-P4UPR","Heterozygous","WT","WT","WT","WT","WT","WT","WT"
"353","S-ID-VOCUR","Heterozygous","WT","WT","WT","WT","WT","WT","WT"
"354","S-ID-SA7BC","Heterozygous","WT","WT","WT","WT","WT","WT","WT"
"355","S-ID-HDUW2","Heterozygous","WT","WT","WT","WT","WT","WT","WT"
"356","S-ID-6YE4J","Heterozygous","WT","WT","WT","WT","WT","WT","WT"
"357","S-ID-D32EG","Heterozygous","WT","WT","WT","WT","WT","WT","WT"
"358","S-ID-U6C9J","Heterozygous","WT","WT","WT","WT","WT","WT","WT"
"359","S-ID-ZCKT6","Heterozygous","WT","WT","WT","WT","WT","WT","WT"
"360","S-ID-IY9XO","Heterozygous","WT","WT","WT","WT","WT","WT","WT"
"361","S-ID-1908M","Heterozygous","WT","WT","WT","WT","WT","WT","WT"
"362","S-ID-AXK41","Heterozygous","WT","WT","WT","WT","WT","WT","WT"
"363","S-ID-28GW6","Heterozygous","WT","WT","WT","WT","WT","WT","WT"
"364","S-ID-AF4TC","Heterozygous","WT","WT","WT","WT","WT","WT","WT"
"365","S-ID-KR0YZ","Heterozygous","WT","WT","WT","WT","WT","WT","WT"
"366","S-ID-YHFBT","Heterozygous","WT","WT","WT","WT","WT","WT","WT"
"367","S-ID-I06EO","Heterozygous","WT","WT","WT","WT","WT","WT","WT"
"368","S-ID-2YWAT","Heterozygous","WT","WT","WT","WT","WT","WT","WT"
"369","S-ID-VO0Z4","Heterozygous","WT","WT","WT","WT","WT","WT","WT"
"370","S-ID-GPHT1","Heterozygous","WT","WT","WT","WT","WT","WT","WT"
"371","S-ID-RKVVS","Heterozygous","WT","WT","WT","WT","WT","WT","WT"
"372","S-ID-NXJSZ","Heterozygous","WT","WT","WT","WT","WT","WT","WT"
"373","S-ID-OU6WZ","Heterozygous","WT","WT","WT","WT","WT","WT","WT"
"374","S-ID-M1HAD","Heterozygous","WT","WT","WT","WT","WT","WT","WT"
"375","S-ID-IVAU3","Heterozygous","WT","WT","WT","WT","WT","WT","WT"
"376","S-ID-XE1WZ","Heterozygous","WT","WT","WT","WT","WT","WT","WT"
"377","S-ID-IE7GA","Heterozygous","WT","WT","WT","WT","WT","WT","WT"
"378","S-ID-095Y8","Heterozygous","WT","WT","WT","WT","WT","WT","WT"
"379","S-ID-5DAP9","Heterozygous","WT","WT","WT","WT","WT","WT","WT"
"380","S-ID-R64YC","Heterozygous","WT","WT","WT","WT","WT","WT","WT"
"381","S-ID-9AKXF","Heterozygous","WT","WT","WT","WT","WT","WT","WT"
"382","S-ID-VRPP3","Heterozygous","WT","WT","WT","WT","WT","WT","WT"
"383","S-ID-Q1573","Heterozygous","WT","WT","WT","WT","WT","WT","WT"
"384","S-ID-3BXMR","Heterozygous","WT","WT","WT","WT","WT","WT","WT"
"385","S-ID-DGM74","Heterozygous","WT","WT","WT","WT","WT","WT","WT"
"386","S-ID-FL3TJ","Heterozygous","WT","WT","WT","WT","WT","WT","WT"
"387","S-ID-18H9N","Heterozygous","WT","WT","WT","WT","WT","WT","WT"
"388","S-ID-GM2MO","Heterozygous","WT","WT","WT","WT","WT","WT","WT"
"389","S-ID-1ESHN","Heterozygous","WT","WT","WT","WT","WT","WT","WT"
"390","S-ID-TKRSR","Heterozygous","WT","WT","WT","WT","WT","WT","WT"
"391","S-ID-EH88V","Heterozygous","WT","WT","WT","WT","WT","WT","WT"
"392","S-ID-4E0FH","Heterozygous","WT","WT","WT","WT","WT","WT","WT"
"393","S-ID-SWGZO","Heterozygous","WT","WT","WT","WT","WT","WT","WT"
"394","S-ID-2CHR3","Heterozygous","WT","WT","WT","WT","WT","WT","WT"
"395","S-ID-D4G38","Heterozygous","WT","WT","WT","WT","WT","WT","WT"
"396","S-ID-78GUI","Heterozygous","WT","WT","WT","WT","WT","WT","WT"
"397","S-ID-6RYRZ","Heterozygous","WT","WT","WT","WT","WT","WT","WT"
"398","S-ID-39GKH","Heterozygous","WT","WT","WT","WT","WT","WT","WT"
"399","S-ID-R3NZZ","Heterozygous","WT","WT","WT","WT","WT","WT","WT"
"400","S-ID-4V7ZG","Heterozygous","WT","WT","WT","WT","WT","WT","WT"
"401","S-ID-B8N8F","Heterozygous","WT","WT","WT","WT","WT","WT","WT"
"402","S-ID-QQWWG","Heterozygous","WT","WT","WT","WT","WT","WT","WT"
"403","S-ID-2TPW8","Heterozygous","WT","WT","WT","WT","WT","WT","WT"
"404","S-ID-NPFYT","Heterozygous","WT","WT","WT","WT","WT","WT","WT"
"405","S-ID-0L1D1","Heterozygous","WT","WT","WT","WT","WT","WT","WT"
