"","Anonymized.ID","BRCA2","Post_RB1","Post_PTEN","Post_AURKA","Post_LATS2","Post_YAP1","Post_FAT1","Post_CCNE1"
"1","A-ID-PE1KP","WT","WT","WT","WT","WT","WT","WT","WT"
"2","A-ID-T6WFJ","WT","WT","WT","WT","WT","WT","WT","WT"
"3","A-ID-2DHRF","WT","WT","WT","WT","WT","WT","WT","WT"
"4","A-ID-N7YK0","WT","WT","Truncating_driver;acquired","WT","WT","WT","WT","WT"
"5","A-ID-4E7O8","WT","WT","WT","WT","WT","WT","WT","WT"
"6","A-ID-CH7RR","WT","WT","WT","WT","WT","WT","WT","WT"
"7","A-ID-PDSLB","WT","WT","WT","WT","WT","WT","WT","WT"
"8","A-ID-J6OT8","WT","WT","WT","WT","WT","WT","WT","WT"
"9","A-ID-QLWDV","WT","Missense_driver","WT","WT","WT","WT","WT","WT"
"10","A-ID-BVQ90","WT","WT","WT","WT","WT","WT","WT","WT"
"11","A-ID-1MYXW","WT","WT","WT","WT","WT","WT","WT","WT"
"12","A-ID-XMYE0","WT","WT","Deletion;acquired","WT","WT","WT","WT","WT"
"13","A-ID-TZNRG","WT","WT","WT","WT","WT","WT","WT","WT"
"14","A-ID-IDMB8","WT","WT","WT","WT","WT","WT","WT","WT"
"15","A-ID-6MA4B","WT","WT","WT","WT","WT","WT","WT","WT"
"16","A-ID-NQ2ZU","GL","WT","Splice_driver","WT","WT","WT","WT","WT"
"17","A-ID-I98W2","WT","WT","WT","WT","WT","WT","WT","WT"
"18","A-ID-YVK7Q","WT","WT","WT","WT","WT","WT","WT","WT"
"19","A-ID-QEL8D","WT","WT","WT","WT","WT","Amplification","WT","WT"
"20","A-ID-8W07X","WT","Truncating_driver;acquired","WT","WT","WT","WT","WT","WT"
"21","A-ID-4IBPD","WT","WT","WT","WT","WT","Amplification;acquired","WT","WT"
"22","A-ID-RGSYC","WT","WT","WT","WT","WT","WT","WT","WT"
"23","A-ID-GIH8W","WT","WT","WT","WT","WT","WT","WT","WT"
"24","A-ID-CNXS5","GL","WT","WT","WT","WT","WT","WT","WT"
"25","A-ID-24R01","WT","WT","WT","WT","WT","WT","WT","WT"
"26","A-ID-QGEEX","WT","WT","WT","WT","WT","WT","WT","WT"
"27","A-ID-9ZZ84","WT","WT","WT","WT","WT","WT","WT","WT"
"28","A-ID-0O1I3","WT","WT","WT","Amplification","WT","WT","WT","WT"
"29","A-ID-PZVRV","WT","WT","WT","WT","WT","WT","WT","WT"
"30","A-ID-FLH67","WT","WT","WT","WT","WT","WT","WT","WT"
"31","A-ID-41R47","WT","WT","WT","WT","WT","WT","WT","WT"
"32","A-ID-26EOR","WT","WT","WT","WT","WT","WT","WT","WT"
"33","A-ID-UKQ66","WT","WT","WT","WT","WT","WT","WT","WT"
"34","A-ID-EIONJ","WT","WT","WT","WT","WT","WT","WT","WT"
"35","A-ID-AM4QT","WT","WT","WT","WT","Deletion;acquired","WT","WT","WT"
"36","A-ID-PP4T1","WT","WT","WT","WT","WT","WT","WT","WT"
"37","A-ID-ZGQ2M","WT","Truncating_driver;acquired","WT","WT","WT","WT","WT","WT"
"38","A-ID-XNA6U","WT","WT","Truncating_driver","WT","WT","WT","WT","WT"
"39","A-ID-4BCKM","WT","Truncating_driver;acquired","WT","WT","WT","WT","WT","WT"
"40","A-ID-Z5W4H","WT","Truncating_driver;acquired","Truncating_driver;acquired","WT","WT","WT","WT","WT"
"41","A-ID-X85GE","WT","Truncating_driver;acquired","Truncating_driver;acquired","WT","WT","WT","WT","WT"
"42","A-ID-2PPI2","WT","WT","WT","WT","WT","WT","WT","WT"
"43","A-ID-XR4RK","WT","Truncating_driver;acquired","WT","WT","WT","WT","WT","WT"
"44","A-ID-1P730","WT","WT","WT","WT","WT","WT","WT","WT"
"45","A-ID-0WWB1","WT","WT","WT","WT","Truncating_driver;acquired","WT","WT","WT"
"46","A-ID-COQWC","WT","WT","Splice_driver","WT","WT","WT","WT","WT"
"47","A-ID-BAD0J","WT","WT","WT","Amplification;acquired","WT","WT","WT","WT"
"48","A-ID-U6CO6","GL","WT","Fusion;acquired","WT","WT","WT","Deletion;acquired","WT"
"49","A-ID-7X2ZT","GL","WT","WT","WT","WT","WT","WT","WT"
"50","A-ID-J2OBU","WT","WT","WT","WT","WT","WT","WT","WT"
"51","A-ID-9X92O","WT","WT","WT","WT","WT","WT","WT","WT"
"52","A-ID-8CWBC","WT","WT","WT","WT","WT","WT","WT","WT"
"53","A-ID-GMV50","WT","WT","WT","WT","WT","WT","WT","WT"
"54","A-ID-SLFVN","WT","WT","WT","Amplification;acquired","WT","WT","WT","WT"
"55","A-ID-0JL7V","WT","WT","Missense_driver","WT","WT","WT","WT","WT"
"56","A-ID-8SJSF","WT","WT","WT","WT","WT","WT","WT","WT"
"57","A-ID-TWD0J","WT","WT","WT","WT","WT","WT","WT","WT"
"58","A-ID-7YYSU","WT","WT","WT","WT","WT","WT","WT","WT"
"59","A-ID-APOPV","WT","WT","WT","WT","WT","WT","WT","WT"
"60","A-ID-K1IVA","WT","WT","WT","WT","WT","WT","WT","WT"
"61","A-ID-A84FF","WT","WT","Deletion","WT","WT","WT","WT","WT"
"62","A-ID-BXX5V","WT","WT","WT","WT","WT","WT","WT","WT"
"63","A-ID-P0KA1","WT","WT","WT","WT","WT","WT","WT","WT"
"64","A-ID-5OK32","WT","WT","WT","WT","WT","WT","WT","WT"
"65","A-ID-9KYUD","GL","WT","WT","WT","WT","WT","WT","WT"
"66","A-ID-R7TIY","WT","WT","WT","WT","WT","WT","WT","WT"
"67","A-ID-ONXWM","WT","WT","WT","WT","WT","WT","WT","WT"
"68","A-ID-63MI9","WT","WT","WT","WT","WT","WT","WT","WT"
"69","A-ID-T7VW2","WT","WT","WT","WT","WT","WT","Truncating_driver","WT"
"70","A-ID-2GL1R","WT","WT","WT","WT","WT","WT","WT","WT"
"71","A-ID-E4GQV","WT","WT","WT","WT","WT","WT","WT","WT"
"72","A-ID-YOAYY","WT","WT","WT","WT","WT","WT","WT","WT"
"73","A-ID-QFMP9","WT","WT","WT","WT","WT","WT","WT","WT"
"74","A-ID-2L0CQ","WT","WT","WT","WT","WT","WT","WT","WT"
"75","A-ID-KFWE1","WT","WT","WT","WT","WT","WT","WT","WT"
"76","A-ID-I8G43","WT","WT","WT","WT","WT","WT","WT","WT"
"77","A-ID-JRVVB","WT","WT","WT","WT","WT","WT","WT","WT"
"78","A-ID-E5507","WT","WT","WT","WT","WT","WT","WT","WT"
"79","A-ID-S6Y6F","WT","WT","Splice_driver","WT","WT","WT","WT","WT"
"80","A-ID-GRNE3","WT","WT","WT","WT","WT","WT","WT","WT"
"81","A-ID-4FJ7C","WT","WT","WT","WT","WT","WT","WT","WT"
"82","A-ID-2S2AD","WT","WT","WT","WT","WT","WT","WT","WT"
"83","A-ID-SK7P2","WT","WT","WT","WT","WT","WT","WT","WT"
"84","A-ID-55TZ7","WT","WT","WT","WT","WT","WT","WT","WT"
"85","A-ID-6KN2W","WT","WT","WT","WT","WT","WT","WT","WT"
"86","A-ID-BCRX7","WT","WT","Truncating_driver","WT","WT","WT","WT","WT"
"87","A-ID-RWXK3","WT","Splice_driver;acquired","WT","WT","WT","WT","WT","WT"
"88","A-ID-O1YVI","GL","WT","Deletion;acquired","WT","WT","WT","WT","WT"
"89","A-ID-LV0L2","WT","WT","WT","WT","WT","WT","WT","WT"
"90","A-ID-B5DAT","WT","WT","Truncating_driver;acquired","WT","WT","WT","WT","WT"
"91","A-ID-EQKPJ","WT","WT","WT","WT","WT","WT","WT","WT"
"92","A-ID-YQK21","WT","WT","WT","WT","WT","WT","WT","WT"
"93","A-ID-LS620","WT","WT","WT","Amplification;acquired","WT","WT","WT","WT"
"94","A-ID-XBM7I","WT","WT","WT","WT","WT","WT","WT","WT"
"95","A-ID-5FOKC","WT","WT","WT","WT","WT","WT","WT","WT"
"96","A-ID-Q1UJP","WT","WT","WT","WT","WT","WT","WT","WT"
"97","A-ID-EFLCQ","WT","Splice_driver","WT","Amplification;acquired","WT","WT","WT","WT"
"98","A-ID-BB1V4","WT","WT","WT","WT","WT","WT","WT","WT"
"99","A-ID-VVNO8","WT","WT","WT","Amplification","WT","WT","WT","WT"
"100","A-ID-TVV6C","WT","WT","WT","WT","WT","WT","WT","WT"
"101","A-ID-H3YG0","WT","WT","WT","WT","WT","WT","WT","WT"
"102","A-ID-0L55C","WT","WT","WT","WT","WT","WT","WT","WT"
"103","A-ID-6N237","WT","WT","WT","WT","WT","WT","WT","WT"
"104","A-ID-KGCRN","GL","WT","WT","WT","WT","WT","WT","WT"
"105","A-ID-8H11R","WT","WT","WT","WT","WT","WT","WT","WT"
"106","A-ID-R3XS7","WT","WT","WT","WT","WT","WT","WT","WT"
"107","A-ID-HPMSG","WT","WT","WT","WT","WT","WT","WT","WT"
"108","A-ID-UEQ4Q","WT","WT","WT","WT","WT","WT","WT","WT"
"109","A-ID-ZFK1V","WT","WT","WT","WT","WT","WT","WT","WT"
"110","A-ID-O5H4P","WT","WT","WT","WT","WT","WT","WT","WT"
"111","A-ID-7I83C","WT","WT","Truncating_driver;acquired","WT","WT","WT","WT","WT"
"112","A-ID-8Z352","GL","WT","WT","Amplification;acquired","WT","WT","WT","WT"
"113","A-ID-603YO","WT","WT","WT","WT","WT","Amplification;acquired","WT","WT"
"114","A-ID-PLUFV","WT","WT","Missense_driver","WT","WT","WT","Truncating_driver","WT"
"115","A-ID-QLLJU","WT","WT","WT","WT","WT","WT","WT","WT"
"116","A-ID-W9IR9","WT","WT","Deletion;acquired","WT","WT","WT","WT","WT"
"117","A-ID-XVS5S","WT","WT","WT","WT","WT","WT","WT","WT"
"118","A-ID-R0H4U","WT","WT","WT","WT","WT","WT","WT","WT"
"119","A-ID-STPQV","WT","WT","Missense_driver","WT","WT","WT","WT","WT"
"120","A-ID-S8M1E","WT","WT","Truncating_driver","WT","WT","WT","WT","WT"
"121","A-ID-F5DKD","WT","WT","WT","WT","WT","WT","WT","WT"
"122","A-ID-WFLMA","WT","WT","WT","WT","WT","WT","WT","WT"
"123","A-ID-8BF09","WT","WT","Deletion","WT","WT","WT","WT","WT"
"124","A-ID-7PXZE","WT","WT","WT","WT","WT","Amplification;acquired","WT","WT"
"125","A-ID-Y3PVP","WT","WT","Truncating_driver","WT","WT","WT","WT","WT"
"126","A-ID-Q9558","GL","WT","WT","WT","WT","WT","WT","WT"
"127","A-ID-UCOTQ","WT","WT","WT","WT","WT","WT","WT","WT"
"128","A-ID-8RP42","WT","WT","WT","WT","WT","WT","WT","WT"
"129","A-ID-YOAG8","WT","WT","WT","WT","WT","WT","WT","WT"
"130","A-ID-1O12U","WT","WT","WT","WT","WT","WT","WT","WT"
"131","A-ID-W2TMI","WT","WT","WT","WT","WT","WT","WT","WT"
"132","A-ID-0BIBE","WT","WT","WT","WT","WT","WT","WT","WT"
"133","A-ID-3MFTS","WT","WT","Missense_driver;acquired","WT","WT","WT","WT","WT"
"134","A-ID-GOMF0","WT","WT","WT","WT","WT","WT","WT","WT"
"135","A-ID-18H2T","WT","WT","WT","WT","WT","WT","WT","WT"
"136","A-ID-62WM4","WT","WT","WT","WT","WT","WT","WT","WT"
"137","A-ID-BWUXR","WT","WT","WT","WT","WT","WT","WT","WT"
"138","A-ID-ZIYG0","WT","WT","WT","WT","WT","WT","WT","WT"
"139","A-ID-P6O53","WT","WT","WT","WT","WT","WT","WT","WT"
"140","A-ID-16RI9","WT","WT","WT","WT","WT","WT","WT","WT"
"141","A-ID-ZHT9U","WT","WT","WT","WT","WT","WT","WT","WT"
"142","A-ID-LEQPO","WT","WT","WT","WT","WT","WT","WT","WT"
"143","A-ID-7UOW2","WT","WT","WT","WT","WT","WT","WT","WT"
"144","A-ID-P2KB7","WT","WT","Deletion;acquired","WT","WT","WT","WT","WT"
"145","A-ID-5W3PF","GL","WT","WT","Amplification;acquired","WT","WT","WT","WT"
"146","A-ID-YYHYV","WT","Truncating_driver;acquired","WT","WT","WT","WT","WT","WT"
"147","A-ID-1QMEV","WT","WT","WT","WT","WT","WT","WT","WT"
"148","A-ID-QRZ0C","WT","WT","WT","WT","WT","WT","WT","WT"
"149","A-ID-BQI6T","WT","WT","Truncating_driver;acquired","WT","WT","WT","WT","WT"
"150","A-ID-CRS6U","WT","WT","WT","WT","WT","WT","WT","WT"
"151","A-ID-3A1RK","WT","WT","Deletion;acquired","WT","WT","WT","WT","WT"
"152","A-ID-5AUXW","WT","Truncating_driver;acquired","WT","WT","WT","WT","WT","WT"
"153","A-ID-U6R16","WT","WT","WT","WT","WT","WT","WT","WT"
"154","A-ID-2F9Q9","WT","WT","WT","WT","WT","WT","WT","WT"
"155","A-ID-UWV1W","WT","WT","WT","WT","WT","WT","WT","WT"
"156","A-ID-LL5P4","WT","WT","WT","WT","WT","WT","WT","WT"
"157","A-ID-BMBR6","WT","WT","WT","WT","WT","WT","WT","WT"
"158","A-ID-W1X33","WT","Fusion;acquired","WT","Amplification;acquired","WT","WT","WT","WT"
"159","A-ID-IGQ7J","WT","WT","WT","WT","WT","WT","WT","WT"
"160","A-ID-STQTJ","WT","WT","WT","WT","WT","WT","WT","WT"
"161","A-ID-1WRNL","WT","WT","Deletion;acquired","WT","WT","WT","WT","WT"
"162","A-ID-B5G8X","WT","Splice_driver;acquired","WT","Amplification","WT","WT","WT","WT"
"163","A-ID-JUYST","WT","WT","WT","WT","WT","WT","WT","WT"
"164","A-ID-3O6MS","WT","WT","WT","WT","WT","WT","WT","WT"
"165","A-ID-TM30Z","WT","WT","WT","WT","WT","WT","WT","WT"
"166","A-ID-2QZ9D","WT","Truncating_driver","Truncating_driver;acquired","WT","WT","WT","WT","WT"
"167","A-ID-LI0L7","WT","Truncating_driver;acquired","Truncating_driver;acquired","WT","WT","WT","WT","WT"
"168","A-ID-NKHSM","GL","Splice_driver;acquired","WT","WT","WT","WT","WT","WT"
"169","A-ID-3RHDW","WT","WT","WT","WT","WT","WT","WT","WT"
"170","A-ID-LMXCU","WT","WT","WT","WT","WT","WT","WT","WT"
"171","A-ID-U8ZO4","WT","WT","WT","WT","WT","WT","WT","WT"
"172","A-ID-4OUZE","WT","WT","WT","WT","WT","WT","WT","WT"
"173","A-ID-74N5B","WT","WT","WT","WT","WT","WT","WT","WT"
"174","A-ID-ZS5WA","WT","Truncating_driver;acquired","WT","WT","WT","WT","WT","WT"
"175","A-ID-8PU4S","GL","Truncating_driver;acquired","WT","WT","WT","WT","WT","WT"
"176","A-ID-TN5D7","WT","WT","WT","WT","WT","WT","WT","WT"
"177","A-ID-87OU5","WT","WT","WT","WT","WT","WT","WT","WT"
"178","A-ID-QHAWQ","WT","WT","WT","WT","WT","WT","WT","WT"
"179","A-ID-KQV3B","WT","WT","WT","WT","WT","WT","WT","WT"
"180","A-ID-1RA9C","WT","WT","WT","WT","WT","WT","WT","WT"
"181","A-ID-RJ4R1","WT","WT","Truncating_driver","WT","Deletion;acquired","WT","Deletion;acquired","WT"
"182","A-ID-0UEGK","WT","WT","WT","Amplification","WT","WT","WT","WT"
"183","A-ID-689QW","WT","WT","WT","WT","WT","WT","WT","WT"
"184","A-ID-DDDJT","WT","WT","WT","WT","WT","WT","WT","WT"
"185","A-ID-NOL3Y","WT","WT","WT","WT","WT","WT","WT","WT"
"186","A-ID-HRKCX","WT","WT","WT","WT","WT","WT","WT","WT"
"187","A-ID-CJ127","WT","WT","WT","WT","WT","WT","WT","WT"
"188","A-ID-64N25","WT","WT","WT","WT","WT","WT","WT","WT"
"189","A-ID-DTMR6","WT","WT","WT","WT","WT","WT","WT","WT"
"190","A-ID-9IOCD","WT","WT","WT","WT","WT","WT","WT","WT"
"191","A-ID-SZMRZ","WT","WT","WT","WT","WT","WT","WT","WT"
"192","A-ID-1U6I4","WT","WT","WT","WT","WT","WT","WT","WT"
"193","A-ID-X08A7","WT","WT","Truncating_driver","WT","WT","WT","WT","WT"
"194","A-ID-W74H7","WT","WT","WT","WT","WT","WT","WT","WT"
"195","A-ID-GVJU8","WT","WT","WT","WT","WT","WT","WT","WT"
"196","A-ID-9NX7L","WT","WT","WT","WT","WT","WT","WT","WT"
"197","A-ID-K7CUE","GL","WT","WT","WT","WT","WT","WT","WT"
"198","A-ID-G0JD5","WT","WT","WT","WT","WT","WT","WT","WT"
"199","A-ID-ORH02","WT","WT","Truncating_driver","WT","WT","WT","WT","WT"
"200","A-ID-8ZP8M","WT","WT","WT","WT","WT","WT","WT","WT"
"201","A-ID-11ZAE","WT","WT","WT","WT","WT","WT","WT","WT"
"202","A-ID-FYT2K","WT","WT","WT","WT","WT","WT","WT","WT"
"203","A-ID-8X7RK","WT","WT","WT","WT","WT","WT","WT","WT"
"204","A-ID-TCI2E","WT","WT","WT","WT","WT","WT","WT","WT"
"205","A-ID-K6402","WT","WT","WT","WT","WT","WT","WT","WT"
"206","A-ID-8ZQTR","WT","WT","WT","WT","WT","WT","WT","WT"
"207","A-ID-8R7YA","WT","WT","Splice_driver","WT","WT","WT","WT","WT"
"208","A-ID-N1XOL","WT","WT","WT","WT","WT","WT","WT","WT"
"209","A-ID-6FGMC","WT","WT","WT","WT","WT","WT","WT","WT"
"210","A-ID-VL9RA","WT","WT","WT","WT","WT","WT","WT","WT"
"211","A-ID-P6UYW","WT","Splice_driver;acquired","WT","WT","Deletion;acquired","WT","WT","WT"
"212","A-ID-DRPOO","WT","WT","WT","WT","WT","WT","WT","WT"
"213","A-ID-IEWUX","WT","WT","WT","WT","WT","WT","WT","WT"
"214","A-ID-VE9EU","WT","WT","WT","WT","WT","WT","WT","WT"
"215","A-ID-WLB3G","GL","Splice_driver;acquired","WT","WT","WT","WT","WT","WT"
"216","A-ID-F40E8","WT","WT","WT","WT","WT","WT","WT","WT"
"217","A-ID-IT7AU","WT","WT","WT","WT","WT","WT","WT","WT"
"218","A-ID-RYX01","WT","WT","WT","WT","WT","WT","WT","WT"
"219","A-ID-GHJFS","WT","WT","WT","WT","WT","WT","WT","WT"
"220","A-ID-77V19","WT","WT","WT","WT","WT","WT","WT","WT"
"221","A-ID-8H999","WT","WT","WT","Amplification","WT","WT","WT","WT"
"222","A-ID-MDXVL","WT","WT","WT","WT","WT","WT","WT","WT"
"223","A-ID-0W3AT","WT","WT","WT","WT","WT","WT","WT","WT"
"224","A-ID-SVB4Y","WT","WT","WT","WT","WT","WT","WT","WT"
"225","A-ID-R2KN1","WT","WT","Truncating_driver","WT","WT","WT","WT","WT"
"226","A-ID-W4DL8","WT","WT","WT","WT","WT","WT","WT","WT"
"227","A-ID-AE83U","WT","WT","WT","WT","WT","WT","WT","WT"
"228","A-ID-B8KCN","WT","WT","WT","WT","WT","WT","WT","WT"
"229","A-ID-OAS19","WT","WT","WT","WT","WT","WT","WT","WT"
"230","A-ID-PYGWF","WT","WT","WT","WT","WT","WT","WT","WT"
"231","A-ID-YD60Q","WT","WT","WT","WT","WT","WT","WT","WT"
"232","A-ID-U7BS3","WT","WT","Splice_driver","WT","WT","WT","WT","WT"
"233","A-ID-DYE3S","WT","WT","WT","WT","WT","WT","WT","WT"
"234","A-ID-PZ1ZO","WT","WT","WT","WT","WT","WT","WT","WT"
"235","A-ID-5P9RG","GL","WT","WT","WT","WT","WT","WT","WT"
"236","A-ID-XVVMN","WT","WT","WT","WT","WT","WT","WT","WT"
"237","A-ID-ZCW6T","WT","WT","WT","WT","WT","WT","WT","WT"
"238","A-ID-HZM0J","WT","WT","WT","WT","WT","WT","WT","WT"
"239","A-ID-OF440","WT","WT","WT","WT","WT","WT","WT","WT"
"240","A-ID-0LGE8","WT","WT","WT","WT","WT","WT","WT","WT"
"241","A-ID-HRV57","WT","WT","WT","WT","WT","WT","WT","WT"
"242","A-ID-ADGN9","WT","WT","WT","WT","WT","WT","WT","WT"
"243","A-ID-XV1HI","WT","WT","Truncating_driver","WT","WT","WT","WT","WT"
"244","A-ID-8FH2F","GL","WT","WT","WT","WT","WT","WT","WT"
"245","A-ID-1IZT5","WT","WT","WT","WT","WT","WT","WT","WT"
"246","A-ID-KAKB4","WT","WT","WT","WT","WT","WT","WT","WT"
"247","A-ID-KQYEX","WT","Truncating_driver","Truncating_driver;acquired","WT","WT","WT","WT","WT"
"248","A-ID-4O29F","WT","Truncating_driver;acquired","WT","WT","WT","WT","WT","WT"
"249","A-ID-71Q3X","WT","WT","WT","WT","WT","WT","WT","WT"
"250","A-ID-V9B9E","WT","WT","WT","WT","WT","WT","WT","WT"
"251","A-ID-DWEJW","WT","WT","WT","WT","WT","WT","WT","WT"
"252","A-ID-9HYCL","WT","Deletion;acquired","WT","WT","WT","WT","WT","WT"
"253","A-ID-JON34","WT","WT","WT","WT","WT","WT","WT","WT"
"254","A-ID-ZA7S7","WT","WT","WT","WT","WT","WT","WT","WT"
"255","A-ID-TFOM7","WT","WT","WT","WT","WT","WT","WT","WT"
"256","A-ID-57H8V","WT","WT","WT","WT","WT","WT","WT","WT"
"257","A-ID-BEO1Q","WT","Truncating_driver;acquired","WT","WT","WT","WT","WT","WT"
"258","A-ID-20H9C","WT","WT","WT","WT","WT","WT","WT","WT"
"259","A-ID-K8848","WT","WT","WT","WT","WT","WT","WT","WT"
"260","A-ID-VHJKF","WT","WT","WT","WT","WT","WT","WT","WT"
"261","A-ID-CUPH8","WT","WT","WT","WT","WT","WT","WT","WT"
"262","A-ID-D2X3A","WT","WT","WT","WT","WT","WT","WT","WT"
"263","A-ID-M07OT","WT","WT","WT","WT","WT","WT","WT","WT"
"264","A-ID-MBB2B","WT","WT","WT","WT","WT","WT","WT","WT"
"265","A-ID-F6ANL","WT","WT","WT","WT","WT","WT","WT","WT"
"266","A-ID-NNFGF","WT","WT","WT","WT","WT","WT","WT","WT"
"267","A-ID-9M7VM","WT","WT","WT","WT","WT","WT","WT","WT"
"268","A-ID-09EPY","GL","WT","WT","WT","WT","WT","WT","WT"
"269","A-ID-JPQYE","WT","Deletion;acquired","WT","WT","WT","WT","WT","WT"
"270","A-ID-OQK3Z","WT","WT","WT","WT","WT","WT","WT","WT"
"271","A-ID-FKJ4X","WT","WT","WT","WT","WT","WT","WT","WT"
"272","A-ID-91YVE","WT","WT","WT","WT","WT","WT","WT","WT"
"273","A-ID-QX1L5","WT","WT","WT","Amplification","WT","WT","WT","WT"
"274","A-ID-0R8WI","WT","WT","WT","WT","WT","WT","WT","Amplification"
"275","A-ID-BCIHK","WT","WT","WT","WT","WT","WT","WT","WT"
"276","A-ID-KTQUR","WT","WT","WT","WT","WT","WT","WT","WT"
"277","A-ID-M9Q3I","WT","WT","WT","WT","WT","WT","WT","WT"
"278","A-ID-T0U3J","WT","WT","WT","WT","WT","WT","WT","WT"
"279","A-ID-C5BYQ","WT","WT","Truncating_driver","WT","WT","WT","WT","WT"
"280","A-ID-1LIRO","WT","WT","WT","WT","WT","WT","WT","WT"
"281","A-ID-U0WXY","WT","WT","WT","WT","WT","WT","WT","WT"
"282","A-ID-1ESMD","WT","Truncating_driver;acquired","WT","WT","WT","WT","WT","WT"
"283","A-ID-EIVDX","WT","WT","Missense_driver;acquired","WT","WT","WT","WT","WT"
"284","A-ID-8KDCO","GL","WT","WT","WT","WT","WT","WT","WT"
"285","A-ID-4YSER","WT","WT","WT","WT","WT","WT","WT","WT"
"286","A-ID-LLAYS","WT","WT","WT","WT","WT","WT","WT","WT"
"287","A-ID-U28N6","WT","WT","WT","WT","WT","WT","WT","Amplification"
"288","A-ID-RR7EV","WT","WT","Deletion;acquired","WT","WT","WT","WT","WT"
"289","A-ID-CSWB1","WT","WT","WT","WT","WT","WT","WT","WT"
"290","A-ID-SZRXW","WT","WT","WT","WT","WT","WT","WT","WT"
"291","A-ID-X2SFS","WT","WT","WT","WT","WT","WT","WT","WT"
"292","A-ID-FIMAJ","WT","WT","WT","Amplification","WT","WT","WT","WT"
"293","A-ID-TP0XX","WT","WT","WT","WT","WT","WT","WT","WT"
"294","A-ID-1Q2JZ","WT","WT","WT","WT","WT","WT","WT","WT"
"295","A-ID-DUMOY","WT","WT","WT","WT","WT","WT","WT","WT"
"296","A-ID-93MHY","WT","WT","WT","WT","WT","WT","WT","WT"
"297","A-ID-NFHZN","WT","WT","WT","WT","WT","WT","WT","WT"
"298","A-ID-ZJKQG","WT","WT","WT","WT","WT","WT","WT","WT"
"299","A-ID-SAW28","WT","Truncating_driver;acquired","WT","WT","WT","WT","WT","WT"
"300","A-ID-75L1F","WT","WT","WT","WT","WT","WT","WT","WT"
"301","A-ID-JAK9N","WT","WT","WT","WT","WT","WT","WT","WT"
"302","A-ID-JHHYW","GL","Truncating_driver;acquired","WT","WT","WT","WT","WT","WT"
"303","A-ID-9Q72G","WT","WT","WT","WT","WT","WT","WT","WT"
"304","A-ID-IXDQ4","WT","WT","WT","WT","WT","WT","WT","WT"
"305","A-ID-9U6K6","WT","WT","WT","WT","WT","WT","WT","WT"
"306","A-ID-TPJ52","GL","WT","WT","WT","Truncating_driver;acquired","WT","WT","WT"
"307","A-ID-9TATV","WT","WT","WT","WT","WT","WT","WT","WT"
"308","A-ID-RYIJR","WT","WT","WT","WT","WT","WT","WT","WT"
"309","A-ID-64KS9","WT","WT","WT","WT","WT","WT","WT","WT"
"310","A-ID-2IFAA","WT","WT","WT","WT","WT","WT","WT","WT"
"311","A-ID-0IGU4","WT","WT","WT","WT","WT","WT","WT","WT"
"312","A-ID-9IH53","GL","Truncating_driver;acquired","Missense_driver","WT","WT","WT","WT","WT"
"313","A-ID-FN8OV","WT","WT","WT","WT","WT","WT","WT","WT"
"314","A-ID-QVBO5","WT","WT","WT","WT","WT","WT","WT","WT"
"315","A-ID-CWRR2","WT","WT","Deletion","WT","WT","WT","WT","WT"
"316","A-ID-AADDE","WT","WT","WT","WT","WT","WT","WT","WT"
"317","A-ID-KTOV7","WT","WT","WT","WT","WT","WT","WT","WT"
"318","A-ID-0G4GH","WT","WT","WT","WT","WT","WT","WT","WT"
"319","A-ID-4GAJA","WT","WT","WT","WT","WT","WT","WT","WT"
"320","A-ID-CUQBL","WT","WT","WT","WT","WT","WT","WT","WT"
"321","A-ID-FUFJX","WT","WT","WT","WT","WT","WT","WT","WT"
"322","A-ID-21E1Q","WT","WT","WT","WT","WT","WT","WT","WT"
"323","A-ID-F5HRN","WT","WT","WT","WT","WT","WT","WT","WT"
"324","A-ID-VF0AZ","WT","Truncating_driver;acquired","WT","WT","WT","WT","WT","WT"
"325","A-ID-PZYY8","WT","WT","WT","WT","WT","WT","WT","WT"
"326","A-ID-95EG7","WT","WT","WT","WT","WT","WT","WT","WT"
"327","A-ID-SNOOO","WT","WT","WT","WT","WT","WT","WT","WT"
"328","A-ID-AKSFG","WT","WT","WT","WT","WT","WT","WT","WT"
"329","A-ID-RD3XY","WT","WT","WT","WT","WT","WT","WT","WT"
"330","A-ID-ONZXE","GL","WT","Missense_driver;acquired","WT","WT","WT","WT","WT"
"331","A-ID-BGX8P","WT","WT","WT","WT","WT","WT","WT","WT"
"332","A-ID-D9377","WT","WT","Truncating_driver","WT","WT","WT","WT","WT"
"333","A-ID-WBIFJ","WT","WT","Truncating_driver","WT","WT","WT","WT","WT"
"334","A-ID-3WXJI","WT","WT","WT","WT","WT","WT","WT","WT"
"335","A-ID-CPJAM","WT","WT","WT","WT","WT","WT","WT","WT"
"336","A-ID-N1KCN","WT","WT","WT","WT","WT","WT","WT","WT"
"337","A-ID-T8MR6","WT","WT","WT","WT","WT","WT","WT","WT"
"338","A-ID-9RYTM","WT","WT","WT","WT","WT","WT","WT","WT"
"339","A-ID-MYGD3","WT","WT","WT","WT","WT","WT","WT","WT"
"340","A-ID-PK7YW","WT","WT","WT","WT","WT","WT","WT","WT"
"341","A-ID-MCA6S","WT","WT","Deletion","WT","WT","WT","WT","WT"
"342","A-ID-WBVKE","WT","WT","Truncating_driver","WT","WT","WT","WT","WT"
"343","A-ID-19JA1","WT","WT","WT","WT","WT","WT","WT","WT"
"344","A-ID-VXWMP","WT","Truncating_driver;acquired","Truncating_driver;acquired","WT","WT","WT","WT","WT"
"345","A-ID-7PFTH","WT","WT","WT","WT","WT","WT","WT","WT"
"346","A-ID-F5LN6","WT","WT","WT","WT","WT","WT","WT","WT"
"347","A-ID-Y2Q5W","WT","WT","WT","WT","WT","WT","WT","WT"
"348","A-ID-J1J0H","WT","Truncating_driver;acquired","WT","WT","WT","WT","WT","WT"
"349","A-ID-2XUSQ","WT","WT","WT","WT","WT","WT","WT","WT"
"350","A-ID-UC7HS","WT","WT","WT","WT","WT","WT","WT","WT"
"351","A-ID-2M1WI","WT","WT","WT","WT","WT","WT","WT","WT"
"352","A-ID-D6S9Z","WT","WT","WT","WT","WT","WT","WT","WT"
"353","A-ID-H2HZD","WT","WT","WT","WT","WT","WT","WT","WT"
"354","A-ID-1MA40","GL","WT","WT","WT","WT","WT","WT","WT"
"355","A-ID-ZZUXQ","WT","WT","Deletion","WT","WT","WT","WT","WT"
"356","A-ID-TKMKG","WT","WT","Missense_driver;acquired","WT","WT","WT","WT","WT"
"357","A-ID-KWLOP","WT","WT","WT","WT","WT","WT","WT","WT"
"358","A-ID-3U2HT","WT","WT","WT","WT","WT","WT","WT","WT"
"359","A-ID-EDZYR","WT","WT","WT","WT","WT","WT","WT","WT"
"360","A-ID-7VSMM","WT","WT","WT","WT","WT","WT","WT","WT"
"361","A-ID-EB7DC","WT","WT","WT","WT","WT","WT","WT","WT"
"362","A-ID-L636J","WT","WT","WT","WT","WT","WT","WT","WT"
"363","A-ID-3DQLC","WT","WT","WT","WT","WT","WT","WT","WT"
"364","A-ID-JVT3W","WT","WT","WT","WT","WT","WT","WT","WT"
"365","A-ID-72L57","WT","WT","WT","WT","WT","WT","WT","WT"
"366","A-ID-G8EXH","GL","Splice_driver;acquired","WT","WT","WT","WT","WT","WT"
"367","A-ID-ET662","WT","WT","WT","WT","WT","WT","WT","WT"
"368","A-ID-F8DW2","WT","Truncating_driver;acquired","WT","WT","WT","WT","WT","WT"
"369","A-ID-WSVZI","WT","WT","WT","WT","WT","WT","WT","WT"
"370","A-ID-7A7YF","WT","WT","WT","WT","WT","WT","WT","WT"
"371","A-ID-S2IUU","WT","WT","WT","WT","WT","WT","WT","WT"
"372","A-ID-H5ETL","WT","WT","Deletion;acquired","WT","WT","WT","WT","WT"
"373","A-ID-VQCMU","WT","WT","WT","WT","WT","WT","WT","WT"
"374","A-ID-3UT80","WT","WT","WT","WT","WT","WT","WT","WT"
"375","A-ID-GKW8C","GL","Truncating_driver;acquired","WT","WT","WT","WT","WT","WT"
"376","A-ID-R4W9H","WT","WT","WT","WT","WT","WT","WT","WT"
"377","A-ID-WP0KI","WT","WT","WT","WT","WT","WT","WT","WT"
"378","A-ID-NJ6G5","WT","WT","WT","WT","WT","WT","WT","WT"
"379","A-ID-DGY8U","WT","WT","WT","WT","WT","WT","WT","WT"
"380","A-ID-1VI96","WT","WT","WT","WT","WT","WT","WT","WT"
"381","A-ID-087G2","WT","WT","WT","WT","WT","WT","WT","WT"
"382","A-ID-FXVBE","WT","WT","WT","WT","WT","WT","WT","WT"
"383","A-ID-K6X5G","WT","WT","WT","WT","WT","WT","WT","WT"
"384","A-ID-QS5PX","WT","WT","Truncating_driver;acquired","WT","WT","WT","WT","WT"
"385","A-ID-X1D5Q","WT","WT","WT","WT","WT","WT","WT","WT"
"386","A-ID-QKDCC","WT","WT","Truncating_driver","WT","WT","WT","WT","WT"
"387","A-ID-SJIGW","WT","WT","WT","WT","WT","WT","WT","WT"
"388","A-ID-D7KL5","WT","WT","WT","WT","WT","WT","WT","WT"
"389","A-ID-06UAY","WT","WT","WT","WT","WT","WT","WT","WT"
"390","A-ID-GJM3O","WT","WT","WT","WT","WT","WT","WT","WT"
"391","A-ID-J3XFF","WT","WT","WT","WT","WT","WT","WT","WT"
"392","A-ID-1V4RH","WT","WT","WT","Amplification;acquired","WT","WT","WT","WT"
"393","A-ID-DGNZZ","WT","WT","WT","WT","WT","WT","WT","WT"
"394","A-ID-BCOL3","WT","Truncating_driver;acquired","WT","WT","WT","WT","WT","WT"
"395","A-ID-VE1FV","WT","Truncating_driver;acquired","WT","WT","WT","WT","WT","WT"
"396","A-ID-O5PUS","WT","WT","WT","WT","WT","WT","WT","WT"
"397","A-ID-GMPA6","WT","WT","WT","WT","WT","WT","WT","WT"
"398","A-ID-IQWGM","WT","WT","WT","WT","WT","WT","WT","WT"
"399","A-ID-H1ABG","WT","WT","WT","WT","WT","WT","WT","WT"
"400","A-ID-CJI3Q","WT","Truncating_driver;acquired","WT","WT","WT","WT","WT","WT"
"401","A-ID-HA26E","WT","WT","WT","WT","WT","WT","WT","WT"
"402","A-ID-3K2QP","WT","WT","WT","WT","WT","WT","WT","WT"
"403","A-ID-AWMTU","WT","WT","WT","WT","WT","WT","WT","WT"
"404","A-ID-35ELI","WT","WT","WT","WT","WT","WT","WT","WT"
"405","A-ID-DUUKB","WT","WT","WT","WT","WT","WT","WT","WT"
"406","A-ID-Q01J9","WT","WT","WT","WT","WT","WT","WT","WT"
"407","A-ID-5O67I","WT","WT","WT","WT","WT","WT","WT","WT"
"408","A-ID-4406I","WT","WT","WT","Amplification","WT","WT","WT","WT"
"409","A-ID-LUNE0","WT","WT","WT","WT","WT","WT","WT","WT"
"410","A-ID-C13WU","WT","WT","WT","WT","WT","WT","WT","WT"
"411","A-ID-D39BG","WT","WT","WT","WT","WT","WT","WT","WT"
"412","A-ID-2KHUA","WT","WT","WT","WT","WT","WT","WT","WT"
"413","A-ID-CWRVS","WT","WT","WT","WT","WT","WT","WT","WT"
"414","A-ID-T0IML","WT","WT","WT","WT","WT","WT","WT","WT"
"415","A-ID-CBVVF","WT","WT","Truncating_driver;acquired","WT","WT","WT","WT","WT"
"416","A-ID-RH0RN","WT","WT","WT","WT","WT","WT","WT","WT"
"417","A-ID-PEC3J","WT","WT","WT","WT","WT","WT","WT","WT"
"418","A-ID-L5XOE","WT","WT","WT","WT","WT","WT","Truncating_driver","WT"
"419","A-ID-C7JDP","WT","WT","WT","WT","WT","WT","WT","WT"
"420","A-ID-RIXYR","WT","WT","WT","WT","WT","WT","WT","WT"
"421","A-ID-831E2","WT","Truncating_driver;acquired","WT","WT","WT","WT","WT","WT"
"422","A-ID-N3CZI","GL","Truncating_driver;acquired","Splice_driver;acquired","Amplification;acquired","WT","WT","WT","WT"
"423","A-ID-MVE5A","WT","WT","WT","WT","WT","WT","WT","WT"
"424","A-ID-EVH8D","WT","WT","WT","WT","WT","WT","WT","WT"
"425","A-ID-VMUEA","WT","WT","WT","WT","WT","WT","WT","WT"
"426","A-ID-IGW3C","WT","WT","WT","WT","WT","WT","WT","WT"
"427","A-ID-9URKC","WT","WT","WT","WT","WT","WT","WT","WT"
"428","A-ID-YTLCL","WT","Truncating_driver;acquired","WT","WT","WT","WT","WT","WT"
"429","A-ID-CTFZM","WT","WT","WT","WT","WT","WT","WT","WT"
"430","A-ID-ZUYGS","WT","WT","WT","WT","WT","WT","WT","WT"
"431","A-ID-ELF95","WT","Truncating_driver;acquired","Truncating_driver","WT","WT","WT","WT","WT"
"432","A-ID-TXU9L","WT","WT","WT","WT","WT","WT","WT","WT"
"433","A-ID-30K7Y","WT","WT","WT","WT","WT","WT","WT","WT"
"434","A-ID-EIGRA","WT","WT","WT","WT","WT","WT","WT","WT"
"435","A-ID-3600J","WT","WT","WT","WT","WT","WT","WT","WT"
"436","A-ID-NEREE","WT","WT","WT","WT","WT","WT","WT","WT"
"437","A-ID-0M5G7","WT","WT","WT","WT","WT","WT","WT","WT"
"438","A-ID-S1ZAG","WT","WT","WT","WT","WT","WT","WT","WT"
"439","A-ID-GZOPS","WT","WT","WT","WT","WT","WT","WT","WT"
"440","A-ID-BN5RM","WT","WT","WT","WT","WT","WT","WT","WT"
"441","A-ID-N4P14","WT","WT","WT","WT","WT","WT","WT","WT"
"442","A-ID-GTZHB","WT","WT","WT","WT","WT","WT","WT","WT"
"443","A-ID-J0TP5","WT","WT","WT","WT","WT","WT","WT","WT"
"444","A-ID-S2SSE","WT","WT","WT","WT","WT","WT","WT","WT"
"445","A-ID-1UT6L","GL","WT","WT","WT","WT","WT","WT","WT"
"446","A-ID-D2CPK","WT","WT","WT","WT","WT","WT","WT","WT"
"447","A-ID-5UIDP","WT","WT","Missense_driver;acquired","WT","WT","WT","WT","WT"
"448","A-ID-9WQJ9","WT","WT","WT","WT","WT","WT","WT","WT"
"449","A-ID-998L4","WT","WT","WT","WT","WT","WT","WT","WT"
"450","A-ID-CRDK4","WT","WT","WT","WT","WT","WT","WT","WT"
"451","A-ID-SYCHW","WT","WT","WT","WT","WT","WT","WT","WT"
"452","A-ID-3R7MR","WT","WT","WT","WT","WT","WT","WT","WT"
"453","A-ID-VJ0KH","WT","WT","WT","WT","WT","WT","WT","WT"
"454","A-ID-V4K4U","WT","WT","WT","WT","WT","WT","WT","WT"
"455","A-ID-X3NPN","WT","WT","WT","WT","WT","WT","WT","WT"
"456","A-ID-U1VCM","WT","WT","WT","WT","WT","WT","WT","WT"
"457","A-ID-FLLRP","WT","WT","WT","WT","WT","WT","WT","WT"
"458","A-ID-WL0TU","WT","WT","Deletion","WT","WT","WT","WT","WT"
"459","A-ID-UOBNS","WT","WT","Truncating_driver","WT","WT","WT","WT","WT"
"460","A-ID-F26VN","WT","WT","WT","WT","WT","WT","WT","WT"
"461","A-ID-M281X","WT","WT","WT","WT","WT","WT","WT","WT"
"462","A-ID-2CN3C","WT","WT","WT","WT","WT","WT","WT","WT"
"463","A-ID-BJGTR","WT","WT","WT","WT","WT","WT","WT","WT"
"464","A-ID-2X346","WT","WT","WT","WT","WT","WT","WT","WT"
"465","A-ID-FZVSQ","WT","WT","WT","WT","WT","WT","WT","WT"
"466","A-ID-L1TJV","WT","WT","Truncating_driver","WT","WT","WT","WT","WT"
"467","A-ID-85IDX","WT","WT","WT","WT","WT","WT","WT","WT"
"468","A-ID-7WC9N","WT","WT","WT","WT","WT","WT","WT","WT"
"469","A-ID-28OXX","WT","WT","WT","WT","WT","WT","WT","WT"
"470","A-ID-LLTJW","WT","WT","WT","WT","WT","WT","WT","WT"
"471","A-ID-34TT3","WT","Truncating_driver;acquired","Deletion;acquired","WT","Deletion;acquired","WT","WT","WT"
"472","A-ID-0LVH1","WT","WT","WT","WT","WT","WT","WT","WT"
"473","A-ID-4GMZ0","WT","WT","WT","WT","WT","WT","WT","WT"
"474","A-ID-DPEF1","WT","WT","WT","WT","WT","WT","WT","WT"
"475","A-ID-U4K2F","WT","WT","WT","WT","WT","WT","WT","Amplification"
"476","A-ID-VCMI2","WT","WT","WT","WT","WT","WT","WT","WT"
"477","A-ID-76R29","WT","WT","WT","Amplification;acquired","WT","WT","WT","WT"
"478","A-ID-TWOKI","WT","WT","Truncating_driver","WT","WT","WT","WT","WT"
"479","A-ID-09NBC","WT","WT","WT","WT","WT","WT","WT","WT"
"480","A-ID-3O7B2","WT","WT","Deletion;acquired","WT","WT","WT","WT","WT"
"481","A-ID-WVHSU","WT","WT","WT","WT","WT","WT","WT","WT"
"482","A-ID-K2ZYF","WT","WT","Missense_driver;acquired","WT","WT","WT","WT","WT"
"483","A-ID-YR51Y","WT","WT","WT","WT","WT","WT","WT","WT"
"484","A-ID-GSMJ7","WT","WT","WT","WT","WT","WT","WT","WT"
"485","A-ID-A1VYA","WT","WT","WT","WT","WT","WT","WT","WT"
"486","A-ID-0D615","WT","WT","WT","WT","WT","WT","WT","WT"
"487","A-ID-WHC7Y","WT","Truncating_driver;acquired","WT","WT","WT","WT","WT","WT"
"488","A-ID-BVTTJ","WT","WT","WT","WT","WT","WT","WT","WT"
"489","A-ID-SVL0K","WT","WT","WT","WT","WT","WT","WT","WT"
"490","A-ID-S64N3","WT","Splice_driver;acquired","WT","WT","WT","WT","WT","WT"
"491","A-ID-L20U2","WT","WT","WT","WT","WT","WT","WT","WT"
"492","A-ID-0TVJ4","WT","WT","WT","WT","WT","WT","WT","WT"
"493","A-ID-P5VCQ","WT","WT","WT","WT","WT","WT","WT","WT"
"494","A-ID-T2DPC","WT","WT","WT","WT","WT","WT","WT","WT"
"495","A-ID-DTOEO","WT","WT","WT","WT","WT","WT","WT","WT"
"496","A-ID-OAYMP","WT","WT","WT","WT","WT","WT","WT","WT"
"497","A-ID-ZE8TR","WT","WT","WT","WT","WT","WT","WT","WT"
"498","A-ID-4BB64","WT","WT","WT","WT","WT","WT","WT","WT"
"499","A-ID-YVAA6","WT","WT","WT","WT","WT","WT","WT","WT"
"500","A-ID-IM4ZY","GL","WT","WT","WT","WT","WT","WT","WT"
"501","A-ID-45I7I","WT","Truncating_driver;acquired","Truncating_driver;acquired","WT","WT","WT","WT","WT"
"502","A-ID-EW93F","WT","Truncating_driver;acquired","WT","WT","WT","WT","WT","WT"
"503","A-ID-GBK2R","WT","Truncating_driver;acquired","WT","WT","WT","WT","WT","WT"
"504","A-ID-K7X81","WT","Truncating_driver;acquired","WT","WT","WT","WT","WT","WT"
"505","A-ID-71XLU","WT","WT","Deletion;acquired","Amplification","WT","WT","WT","WT"
"506","A-ID-G29DE","WT","WT","Missense_driver","WT","WT","WT","WT","WT"
"507","A-ID-QO2JT","WT","WT","Deletion","WT","WT","WT","WT","WT"
"508","A-ID-BYD76","WT","WT","WT","WT","WT","WT","WT","WT"
"509","A-ID-6NVUC","WT","WT","WT","WT","WT","WT","WT","WT"
"510","A-ID-27IIV","WT","WT","WT","WT","WT","WT","WT","WT"
"511","A-ID-V7FLJ","WT","WT","WT","WT","WT","WT","WT","WT"
"512","A-ID-GTQBP","WT","WT","WT","WT","WT","WT","WT","WT"
"513","A-ID-GVTW7","WT","WT","WT","WT","WT","WT","WT","WT"
"514","A-ID-SP2GS","WT","WT","WT","WT","WT","WT","WT","WT"
"515","A-ID-S0EYI","WT","WT","WT","WT","WT","WT","WT","WT"
"516","A-ID-473IC","WT","WT","WT","WT","WT","WT","WT","WT"
"517","A-ID-IDD40","WT","WT","WT","WT","WT","WT","WT","WT"
"518","A-ID-D3PI6","WT","WT","WT","WT","WT","WT","WT","WT"
"519","A-ID-B1Z5O","WT","WT","WT","WT","WT","WT","WT","WT"
"520","A-ID-X3YGI","WT","WT","WT","WT","WT","WT","WT","WT"
"521","A-ID-MQVWN","WT","WT","WT","WT","WT","WT","WT","WT"
"522","A-ID-292Q5","WT","WT","WT","WT","WT","WT","WT","WT"
"523","A-ID-656IN","WT","WT","WT","WT","WT","WT","WT","WT"
"524","A-ID-JJAGN","WT","WT","WT","WT","WT","WT","WT","WT"
"525","A-ID-A6IZN","WT","WT","WT","WT","WT","WT","WT","WT"
"526","A-ID-5YQXJ","WT","WT","WT","WT","WT","WT","WT","WT"
"527","A-ID-CXDB4","WT","WT","WT","WT","WT","WT","WT","WT"
"528","A-ID-L4NE7","WT","WT","WT","WT","WT","WT","WT","WT"
"529","A-ID-17UAX","WT","WT","WT","WT","WT","WT","WT","WT"
"530","A-ID-P8IYM","WT","WT","WT","WT","WT","WT","WT","WT"
"531","A-ID-GYZM8","WT","WT","WT","WT","WT","WT","WT","WT"
"532","A-ID-AP8V7","WT","WT","WT","WT","WT","WT","WT","WT"
"533","A-ID-A9IHR","WT","WT","WT","WT","WT","WT","WT","WT"
"534","A-ID-3RKG0","WT","WT","WT","WT","WT","WT","WT","WT"
"535","A-ID-0F15O","WT","WT","WT","WT","WT","WT","WT","WT"
"536","A-ID-L9WZ3","WT","WT","WT","WT","WT","WT","WT","WT"
"537","A-ID-HSE05","WT","WT","WT","WT","WT","WT","WT","WT"
"538","A-ID-L36R6","WT","WT","WT","WT","WT","WT","WT","WT"
"539","A-ID-KG7DN","WT","WT","WT","WT","WT","WT","WT","WT"
"540","A-ID-GCXH1","WT","WT","WT","WT","WT","WT","WT","WT"
"541","A-ID-AJM5F","WT","WT","WT","WT","WT","WT","WT","WT"
"542","A-ID-GGGB7","WT","WT","WT","WT","WT","WT","WT","WT"
"543","A-ID-WDJ3Y","WT","WT","WT","WT","WT","WT","WT","WT"
"544","A-ID-HKAPG","WT","WT","WT","WT","WT","WT","WT","WT"
"545","A-ID-FCC7O","WT","WT","WT","WT","WT","WT","WT","WT"
"546","A-ID-DA55F","WT","WT","WT","WT","WT","WT","WT","WT"
