"","Anonymized.ID","Post_TP53","Post_ARID1A","Post_PTEN","Post_RB1","Post_FAT1","Post_NF1","Post_LATS2","Post_LATS1","RB1","PTEN","LATS2","LATS1","FAT1","TP53","NF1","ARID1A","non_RB1","Group.coarse"
"1","A-ID-2DHRF","WT","WT","WT","WT","WT","WT","WT","WT",0,0,0,0,0,0,0,0,0,"non-HRD"
"2","A-ID-4E7O8","WT","WT","WT","WT","WT","WT","WT","WT",0,0,0,0,0,0,0,0,0,"non-HRD"
"3","A-ID-CH7RR","WT","WT","WT","WT","WT","WT","WT","WT",0,0,0,0,0,0,0,0,0,"non-HRD"
"4","A-ID-PDSLB","WT","WT","WT","WT","WT","WT","WT","WT",0,0,0,0,0,0,0,0,0,"non-HRD"
"5","A-ID-J6OT8","WT","WT","WT","WT","WT","WT","WT","WT",0,0,0,0,0,0,0,0,0,"non-HRD"
"6","A-ID-QLWDV","WT","WT","WT","Missense_driver","WT","WT","WT","WT",1,0,0,0,0,0,0,0,0,"non-HRD"
"7","A-ID-BVQ90","WT","WT","WT","WT","WT","WT","WT","WT",0,0,0,0,0,0,0,0,0,"non-HRD"
"8","A-ID-1MYXW","Missense_driver","WT","WT","WT","WT","WT","WT","WT",0,0,0,0,0,1,0,0,1,"non-HRD"
"9","A-ID-XMYE0","WT","WT","Deletion","WT","WT","WT","WT","WT",0,1,0,0,0,0,0,0,1,"non-HRD"
"10","A-ID-TZNRG","WT","WT","WT","WT","WT","WT","WT","WT",0,0,0,0,0,0,0,0,0,"non-HRD"
"11","A-ID-6MA4B","WT","Truncating_driver","WT","WT","WT","WT","WT","WT",0,0,0,0,0,0,0,0,0,"non-HRD"
"12","A-ID-I98W2","WT","WT","WT","WT","WT","WT","WT","WT",0,0,0,0,0,0,0,0,0,"non-HRD"
"13","A-ID-8W07X","WT","Truncating_driver","WT","WT","WT","WT","WT","WT",0,0,0,0,0,0,0,0,0,"non-HRD"
"14","A-ID-GIH8W","Truncating_driver","WT","WT","WT","WT","WT","WT","WT",0,0,0,0,0,0,0,0,0,"non-HRD"
"15","A-ID-CNXS5","WT","WT","WT","WT","WT","WT","WT","WT",0,0,0,0,0,0,0,0,0,"gBRCA2"
"16","A-ID-24R01","Truncating_driver","WT","WT","WT","WT","WT","WT","WT",0,0,0,0,0,1,0,0,1,"non-HRD"
"17","A-ID-QGEEX","Missense_driver","Truncating_driver","WT","WT","WT","WT","WT","WT",0,0,0,0,0,1,0,0,1,"non-HRD"
"18","A-ID-9ZZ84","WT","WT","WT","WT","WT","WT","WT","WT",0,0,0,0,0,0,0,0,0,"non-HRD"
"19","A-ID-0O1I3","WT","WT","WT","WT","WT","WT","WT","WT",0,0,0,0,0,0,0,0,0,"non-HRD"
"20","A-ID-PZVRV","Truncating_driver","WT","WT","WT","WT","WT","WT","WT",0,0,0,0,0,0,0,0,0,"non_B2_HRD"
"21","A-ID-26EOR","WT","WT","WT","WT","WT","WT","WT","WT",0,0,0,0,0,0,0,0,0,"non-HRD"
"22","A-ID-UKQ66","WT","Truncating_driver","WT","WT","WT","WT","WT","WT",0,0,0,0,0,0,0,0,0,"non-HRD"
"23","A-ID-AM4QT","Splice_driver","WT","WT","WT","WT","WT","Deletion","WT",0,0,1,0,0,0,0,0,1,"non-HRD"
"24","A-ID-ZGQ2M","Missense_driver","WT","WT","Truncating_driver","WT","WT","WT","WT",1,0,0,0,0,0,0,0,0,"non-HRD"
"25","A-ID-Z5W4H","Missense_driver","WT","Truncating_driver","Truncating_driver","WT","WT","WT","WT",1,1,0,0,0,1,0,0,1,"non-HRD"
"26","A-ID-X85GE","Truncating_driver","WT","Truncating_driver","Truncating_driver","WT","WT","WT","WT",1,1,0,0,0,1,0,0,1,"non-HRD"
"27","A-ID-2PPI2","WT","WT","WT","WT","WT","WT","WT","WT",0,0,0,0,0,0,0,0,0,"non-HRD"
"28","A-ID-XR4RK","WT","WT","WT","Truncating_driver","WT","WT","WT","WT",1,0,0,0,0,0,0,0,0,"non-HRD"
"29","A-ID-1P730","Missense_driver","WT","WT","WT","WT","WT","WT","WT",0,0,0,0,0,1,0,0,1,"non-HRD"
"30","A-ID-BAD0J","WT","WT","WT","WT","WT","WT","WT","WT",0,0,0,0,0,0,0,0,0,"non-HRD"
"31","A-ID-U6CO6","WT","WT","Fusion","WT","Deletion","WT","WT","WT",0,1,0,0,1,0,0,0,1,"gBRCA2"
"32","A-ID-7X2ZT","WT","WT","WT","WT","WT","WT","WT","WT",0,0,0,0,0,0,0,0,0,"gBRCA2"
"33","A-ID-J2OBU","WT","WT","WT","WT","WT","WT","WT","WT",0,0,0,0,0,0,0,0,0,"non-HRD"
"34","A-ID-9X92O","WT","WT","WT","WT","WT","WT","WT","WT",0,0,0,0,0,0,0,0,0,"non-HRD"
"35","A-ID-8CWBC","WT","WT","WT","WT","WT","Deletion","WT","WT",0,0,0,0,0,0,1,0,1,"non-HRD"
"36","A-ID-GMV50","WT","WT","WT","WT","WT","WT","WT","WT",0,0,0,0,0,0,0,0,0,"non-HRD"
"37","A-ID-SLFVN","WT","WT","WT","WT","WT","WT","WT","WT",0,0,0,0,0,0,0,0,0,"non-HRD"
"38","A-ID-7YYSU","WT","WT","WT","WT","WT","WT","WT","WT",0,0,0,0,0,0,0,0,0,"non-HRD"
"39","A-ID-APOPV","WT","WT","WT","WT","WT","WT","WT","WT",0,0,0,0,0,0,0,0,0,"non-HRD"
"40","A-ID-BXX5V","WT","WT","WT","WT","WT","WT","WT","WT",0,0,0,0,0,0,0,0,0,"non-HRD"
"41","A-ID-P0KA1","Truncating_driver","WT","WT","WT","WT","WT","WT","WT",0,0,0,0,0,0,0,0,0,"non-HRD"
"42","A-ID-5OK32","WT","WT","WT","WT","WT","WT","WT","WT",0,0,0,0,0,0,0,0,0,"non-HRD"
"43","A-ID-9KYUD","WT","WT","WT","WT","WT","WT","WT","WT",0,0,0,0,0,0,0,0,0,"gBRCA2"
"44","A-ID-63MI9","WT","WT","WT","WT","WT","WT","WT","WT",0,0,0,0,0,0,0,0,0,"non-HRD"
"45","A-ID-T7VW2","Truncating_driver","WT","WT","WT","Truncating_driver","WT","WT","WT",0,0,0,0,0,0,0,0,0,"non-HRD"
"46","A-ID-2GL1R","WT","WT","WT","WT","WT","WT","WT","WT",0,0,0,0,0,0,0,0,0,"non-HRD"
"47","A-ID-E4GQV","WT","WT","WT","WT","WT","WT","WT","WT",0,0,0,0,0,0,0,0,0,"non-HRD"
"48","A-ID-QFMP9","WT","WT","WT","WT","WT","WT","WT","WT",0,0,0,0,0,0,0,0,0,"non-HRD"
"49","A-ID-2L0CQ","WT","WT","WT","WT","WT","WT","WT","WT",0,0,0,0,0,0,0,0,0,"non-HRD"
"50","A-ID-JRVVB","WT","WT","WT","WT","WT","WT","WT","WT",0,0,0,0,0,0,0,0,0,"non-HRD"
"51","A-ID-E5507","WT","WT","WT","WT","WT","WT","WT","WT",0,0,0,0,0,0,0,0,0,"non-HRD"
"52","A-ID-GRNE3","WT","WT","WT","WT","WT","WT","WT","WT",0,0,0,0,0,0,0,0,0,"non-HRD"
"53","A-ID-4FJ7C","WT","WT","WT","WT","WT","WT","WT","WT",0,0,0,0,0,0,0,0,0,"non-HRD"
"54","A-ID-55TZ7","WT","WT","WT","WT","WT","WT","WT","WT",0,0,0,0,0,0,0,0,0,"non-HRD"
"55","A-ID-6KN2W","WT","Truncating_driver","WT","WT","WT","WT","WT","WT",0,0,0,0,0,0,0,1,1,"non-HRD"
"56","A-ID-O1YVI","Truncating_driver","WT","Deletion","WT","WT","WT","WT","WT",0,1,0,0,0,0,0,0,1,"gBRCA2"
"57","A-ID-LV0L2","Missense_driver","WT","WT","WT","WT","WT","WT","WT",0,0,0,0,0,0,0,0,0,"non_B2_HRD"
"58","A-ID-EQKPJ","WT","WT","WT","WT","WT","WT","WT","WT",0,0,0,0,0,0,0,0,0,"non-HRD"
"59","A-ID-YQK21","WT","WT","WT","WT","WT","WT","WT","WT",0,0,0,0,0,0,0,0,0,"non-HRD"
"60","A-ID-XBM7I","Deletion","WT","WT","WT","WT","WT","WT","Deletion",0,0,0,1,0,1,0,0,1,"non_B2_HRD"
"61","A-ID-EFLCQ","Truncating_driver","WT","WT","Splice_driver","WT","WT","WT","WT",0,0,0,0,0,0,0,0,0,"non-HRD"
"62","A-ID-TVV6C","Missense_driver","WT","WT","WT","WT","WT","WT","WT",0,0,0,0,0,0,0,0,0,"non-HRD"
"63","A-ID-H3YG0","WT","WT","WT","WT","WT","WT","WT","WT",0,0,0,0,0,0,0,0,0,"non-HRD"
"64","A-ID-0L55C","WT","WT","WT","WT","WT","WT","WT","WT",0,0,0,0,0,0,0,0,0,"non-HRD"
"65","A-ID-KGCRN","WT","Truncating_driver","WT","WT","WT","WT","WT","WT",0,0,0,0,0,0,0,0,0,"gBRCA2"
"66","A-ID-8H11R","WT","WT","WT","WT","WT","Truncating_driver","WT","WT",0,0,0,0,0,0,1,0,1,"non-HRD"
"67","A-ID-R3XS7","Missense_driver","WT","WT","WT","WT","WT","WT","WT",0,0,0,0,0,0,0,0,0,"non-HRD"
"68","A-ID-UEQ4Q","WT","WT","WT","WT","WT","WT","WT","WT",0,0,0,0,0,0,0,0,0,"non-HRD"
"69","A-ID-O5H4P","WT","WT","WT","WT","WT","WT","WT","WT",0,0,0,0,0,0,0,0,0,"non_B2_HRD"
"70","A-ID-8Z352","WT","WT","WT","WT","WT","WT","WT","WT",0,0,0,0,0,0,0,0,0,"gBRCA2"
"71","A-ID-603YO","Splice_driver","WT","WT","WT","WT","WT","WT","WT",0,0,0,0,0,1,0,0,1,"non-HRD"
"72","A-ID-XVS5S","WT","WT","WT","WT","WT","WT","WT","WT",0,0,0,0,0,0,0,0,0,"non-HRD"
"73","A-ID-R0H4U","Missense_driver","WT","WT","WT","WT","WT","WT","Truncating_driver",0,0,0,1,0,0,0,0,1,"non-HRD"
"74","A-ID-F5DKD","WT","WT","WT","WT","WT","WT","WT","WT",0,0,0,0,0,0,0,0,0,"non-HRD"
"75","A-ID-WFLMA","WT","WT","WT","WT","WT","WT","WT","WT",0,0,0,0,0,0,0,0,0,"non-HRD"
"76","A-ID-7PXZE","Missense_driver","WT","WT","WT","WT","WT","WT","WT",0,0,0,0,0,0,0,0,0,"non-HRD"
"77","A-ID-Q9558","WT","WT","WT","WT","WT","WT","WT","WT",0,0,0,0,0,0,0,0,0,"gBRCA2"
"78","A-ID-8RP42","Missense_driver","WT","WT","WT","WT","WT","WT","WT",0,0,0,0,0,0,0,0,0,"non-HRD"
"79","A-ID-YOAG8","WT","WT","WT","WT","WT","WT","WT","WT",0,0,0,0,0,0,0,0,0,"non-HRD"
"80","A-ID-1O12U","WT","WT","WT","WT","WT","WT","WT","WT",0,0,0,0,0,0,0,0,0,"non-HRD"
"81","A-ID-3MFTS","Missense_driver","WT","Missense_driver","WT","WT","WT","WT","WT",0,1,0,0,0,1,0,0,1,"non-HRD"
"82","A-ID-GOMF0","WT","WT","WT","WT","WT","WT","WT","WT",0,0,0,0,0,0,0,0,0,"non-HRD"
"83","A-ID-18H2T","WT","WT","WT","WT","WT","WT","WT","WT",0,0,0,0,0,0,0,0,0,"non-HRD"
"84","A-ID-62WM4","WT","WT","WT","WT","WT","WT","WT","WT",0,0,0,0,0,0,0,0,0,"non-HRD"
"85","A-ID-BWUXR","WT","WT","WT","WT","WT","WT","WT","WT",0,0,0,0,0,0,0,0,0,"non-HRD"
"86","A-ID-16RI9","WT","WT","WT","WT","WT","WT","WT","WT",0,0,0,0,0,0,0,0,0,"non-HRD"
"87","A-ID-LEQPO","WT","WT","WT","WT","WT","WT","WT","WT",0,0,0,0,0,0,0,0,0,"non-HRD"
"88","A-ID-7UOW2","WT","WT","WT","WT","WT","WT","WT","WT",0,0,0,0,0,0,0,0,0,"non-HRD"
"89","A-ID-5W3PF","WT","WT","WT","WT","WT","WT","WT","WT",0,0,0,0,0,0,0,0,0,"gBRCA2"
"90","A-ID-YYHYV","WT","WT","WT","Truncating_driver","WT","WT","WT","WT",1,0,0,0,0,0,0,0,0,"non-HRD"
"91","A-ID-1QMEV","WT","WT","WT","WT","WT","WT","WT","WT",0,0,0,0,0,0,0,0,0,"non-HRD"
"92","A-ID-CRS6U","Splice_driver","WT","WT","WT","WT","WT","WT","WT",0,0,0,0,0,0,0,0,0,"non-HRD"
"93","A-ID-3A1RK","WT","Truncating_driver","Deletion","WT","WT","WT","WT","WT",0,1,0,0,0,0,0,0,1,"non-HRD"
"94","A-ID-U6R16","WT","WT","WT","WT","WT","WT","WT","WT",0,0,0,0,0,0,0,0,0,"non-HRD"
"95","A-ID-2F9Q9","WT","WT","WT","WT","WT","WT","WT","WT",0,0,0,0,0,0,0,0,0,"non-HRD"
"96","A-ID-UWV1W","WT","WT","WT","WT","WT","WT","WT","WT",0,0,0,0,0,0,0,0,0,"non-HRD"
"97","A-ID-LL5P4","WT","WT","WT","WT","WT","WT","WT","WT",0,0,0,0,0,0,0,0,0,"non-HRD"
"98","A-ID-BMBR6","WT","WT","WT","WT","WT","WT","WT","WT",0,0,0,0,0,0,0,0,0,"non-HRD"
"99","A-ID-STQTJ","Missense_driver","WT","WT","WT","WT","WT","WT","WT",0,0,0,0,0,0,0,0,0,"non_B2_HRD"
"100","A-ID-1WRNL","Splice_driver","WT","Deletion","WT","WT","WT","WT","WT",0,1,0,0,0,0,0,0,1,"non-HRD"
"101","A-ID-B5G8X","Missense_driver","WT","WT","Splice_driver","WT","WT","WT","WT",1,0,0,0,0,1,0,0,1,"non-HRD"
"102","A-ID-JUYST","Missense_driver","WT","WT","WT","WT","WT","WT","WT",0,0,0,0,0,0,0,0,0,"non-HRD"
"103","A-ID-2QZ9D","WT","WT","WT","WT","WT","WT","WT","WT",0,0,0,0,0,0,0,0,0,"non-HRD"
"104","A-ID-NKHSM","WT","Truncating_driver","WT","Splice_driver","WT","WT","WT","WT",1,0,0,0,0,0,0,0,0,"gBRCA2"
"105","A-ID-3RHDW","WT","WT","WT","WT","WT","WT","WT","WT",0,0,0,0,0,0,0,0,0,"non-HRD"
"106","A-ID-U8ZO4","Missense_driver","WT","WT","WT","WT","WT","WT","WT",0,0,0,0,0,1,0,0,1,"non-HRD"
"107","A-ID-4OUZE","WT","WT","WT","WT","WT","WT","WT","WT",0,0,0,0,0,0,0,0,0,"non-HRD"
"108","A-ID-74N5B","WT","WT","WT","WT","WT","WT","WT","WT",0,0,0,0,0,0,0,0,0,"non-HRD"
"109","A-ID-8PU4S","Truncating_driver","WT","WT","Truncating_driver","WT","WT","WT","WT",1,0,0,0,0,1,0,0,1,"gBRCA2"
"110","A-ID-TN5D7","WT","WT","WT","WT","WT","WT","WT","WT",0,0,0,0,0,0,0,0,0,"non-HRD"
"111","A-ID-QHAWQ","WT","WT","WT","WT","WT","WT","WT","WT",0,0,0,0,0,0,0,0,0,"non-HRD"
"112","A-ID-1RA9C","Splice_driver","WT","WT","WT","WT","WT","WT","WT",0,0,0,0,0,0,0,0,0,"non-HRD"
"113","A-ID-689QW","Missense_driver","WT","WT","WT","WT","WT","WT","WT",0,0,0,0,0,0,0,0,0,"non-HRD"
"114","A-ID-DDDJT","WT","WT","WT","WT","WT","WT","WT","WT",0,0,0,0,0,0,0,0,0,"non-HRD"
"115","A-ID-HRKCX","Missense_driver","WT","WT","WT","WT","WT","WT","WT",0,0,0,0,0,0,0,0,0,"non-HRD"
"116","A-ID-CJ127","WT","WT","WT","WT","WT","WT","WT","WT",0,0,0,0,0,0,0,0,0,"non-HRD"
"117","A-ID-64N25","WT","WT","WT","WT","WT","WT","WT","WT",0,0,0,0,0,0,0,0,0,"non-HRD"
"118","A-ID-DTMR6","Truncating_driver","WT","WT","WT","WT","WT","WT","WT",0,0,0,0,0,0,0,0,0,"non-HRD"
"119","A-ID-SZMRZ","Truncating_driver","WT","WT","WT","WT","WT","WT","WT",0,0,0,0,0,0,0,0,0,"non-HRD"
"120","A-ID-1U6I4","WT","WT","WT","WT","WT","WT","WT","WT",0,0,0,0,0,0,0,0,0,"non-HRD"
"121","A-ID-GVJU8","WT","WT","WT","WT","WT","WT","WT","WT",0,0,0,0,0,0,0,0,0,"non-HRD"
"122","A-ID-9NX7L","WT","WT","WT","WT","WT","WT","WT","WT",0,0,0,0,0,0,0,0,0,"non-HRD"
"123","A-ID-K7CUE","WT","WT","WT","WT","WT","WT","WT","WT",0,0,0,0,0,0,0,0,0,"gBRCA2"
"124","A-ID-G0JD5","WT","WT","WT","WT","WT","WT","WT","WT",0,0,0,0,0,0,0,0,0,"non-HRD"
"125","A-ID-8ZP8M","Truncating_driver","WT","WT","WT","WT","WT","WT","WT",0,0,0,0,0,1,0,0,1,"non-HRD"
"126","A-ID-TCI2E","WT","WT","WT","WT","WT","WT","WT","WT",0,0,0,0,0,0,0,0,0,"non-HRD"
"127","A-ID-K6402","WT","WT","WT","WT","WT","WT","WT","WT",0,0,0,0,0,0,0,0,0,"non-HRD"
"128","A-ID-8ZQTR","WT","Truncating_driver","WT","WT","WT","WT","WT","WT",0,0,0,0,0,0,0,0,0,"non-HRD"
"129","A-ID-N1XOL","Missense_driver","WT","WT","WT","WT","WT","WT","WT",0,0,0,0,0,0,0,0,0,"non-HRD"
"130","A-ID-VL9RA","Truncating_driver","Truncating_driver","WT","WT","WT","WT","WT","WT",0,0,0,0,0,0,0,0,0,"non-HRD"
"131","A-ID-P6UYW","WT","Truncating_driver","WT","Splice_driver","WT","WT","Deletion","WT",1,0,1,0,0,0,0,0,1,"non-HRD"
"132","A-ID-IEWUX","WT","WT","WT","WT","WT","WT","WT","WT",0,0,0,0,0,0,0,0,0,"non-HRD"
"133","A-ID-WLB3G","WT","WT","WT","Splice_driver","WT","WT","WT","WT",1,0,0,0,0,0,0,0,0,"gBRCA2"
"134","A-ID-77V19","WT","WT","WT","WT","WT","WT","WT","WT",0,0,0,0,0,0,0,0,0,"non-HRD"
"135","A-ID-8H999","Missense_driver","WT","WT","WT","WT","WT","WT","WT",0,0,0,0,0,0,0,0,0,"non-HRD"
"136","A-ID-MDXVL","Missense_driver","WT","WT","WT","WT","WT","WT","WT",0,0,0,0,0,0,0,0,0,"non-HRD"
"137","A-ID-SVB4Y","Missense_driver","WT","WT","WT","WT","WT","WT","WT",0,0,0,0,0,0,0,0,0,"non-HRD"
"138","A-ID-W4DL8","WT","WT","WT","WT","WT","WT","WT","WT",0,0,0,0,0,0,0,0,0,"non-HRD"
"139","A-ID-AE83U","WT","WT","WT","WT","WT","WT","WT","WT",0,0,0,0,0,0,0,0,0,"non-HRD"
"140","A-ID-OAS19","Truncating_driver","WT","WT","WT","WT","WT","WT","WT",0,0,0,0,0,1,0,0,1,"non-HRD"
"141","A-ID-PYGWF","WT","WT","WT","WT","WT","WT","WT","WT",0,0,0,0,0,0,0,0,0,"non-HRD"
"142","A-ID-DYE3S","WT","WT","WT","WT","WT","WT","WT","WT",0,0,0,0,0,0,0,0,0,"non-HRD"
"143","A-ID-5P9RG","Truncating_driver","WT","WT","WT","WT","WT","WT","WT",0,0,0,0,0,0,0,0,0,"gBRCA2"
"144","A-ID-HZM0J","WT","WT","WT","WT","WT","WT","WT","WT",0,0,0,0,0,0,0,0,0,"non-HRD"
"145","A-ID-OF440","Missense_driver","WT","WT","WT","WT","WT","WT","WT",0,0,0,0,0,1,0,0,1,"non-HRD"
"146","A-ID-ADGN9","WT","WT","WT","WT","WT","WT","WT","WT",0,0,0,0,0,0,0,0,0,"non-HRD"
"147","A-ID-8FH2F","WT","WT","WT","WT","WT","WT","WT","WT",0,0,0,0,0,0,0,0,0,"gBRCA2"
"148","A-ID-KAKB4","WT","Truncating_driver","WT","WT","WT","WT","WT","WT",0,0,0,0,0,0,0,0,0,"non-HRD"
"149","A-ID-KQYEX","Missense_driver","WT","WT","Truncating_driver","WT","WT","WT","WT",0,0,0,0,0,0,0,0,0,"non-HRD"
"150","A-ID-4O29F","WT","WT","WT","Truncating_driver","WT","WT","WT","WT",1,0,0,0,0,0,0,0,0,"non-HRD"
"151","A-ID-71Q3X","WT","WT","WT","WT","WT","WT","WT","WT",0,0,0,0,0,0,0,0,0,"non-HRD"
"152","A-ID-V9B9E","WT","WT","WT","WT","WT","WT","WT","WT",0,0,0,0,0,0,0,0,0,"non-HRD"
"153","A-ID-DWEJW","WT","WT","WT","WT","WT","WT","WT","WT",0,0,0,0,0,0,0,0,0,"non-HRD"
"154","A-ID-TFOM7","WT","WT","WT","WT","WT","WT","WT","WT",0,0,0,0,0,0,0,0,0,"non-HRD"
"155","A-ID-57H8V","WT","WT","WT","WT","WT","WT","WT","WT",0,0,0,0,0,0,0,0,0,"non-HRD"
"156","A-ID-K8848","Missense_driver","WT","WT","WT","WT","WT","WT","WT",0,0,0,0,0,1,0,0,1,"non-HRD"
"157","A-ID-VHJKF","WT","WT","WT","WT","WT","WT","WT","WT",0,0,0,0,0,0,0,0,0,"non-HRD"
"158","A-ID-CUPH8","WT","WT","WT","WT","WT","WT","WT","WT",0,0,0,0,0,0,0,0,0,"non-HRD"
"159","A-ID-MBB2B","Missense_driver","WT","WT","WT","WT","WT","WT","WT",0,0,0,0,0,1,0,0,1,"non-HRD"
"160","A-ID-NNFGF","WT","WT","WT","WT","WT","WT","WT","WT",0,0,0,0,0,0,0,0,0,"non-HRD"
"161","A-ID-9M7VM","WT","WT","WT","WT","WT","WT","WT","WT",0,0,0,0,0,0,0,0,0,"non-HRD"
"162","A-ID-09EPY","WT","WT","WT","WT","WT","WT","WT","WT",0,0,0,0,0,0,0,0,0,"gBRCA2"
"163","A-ID-JPQYE","Truncating_driver","WT","WT","Deletion","WT","WT","WT","WT",1,0,0,0,0,0,0,0,0,"non-HRD"
"164","A-ID-OQK3Z","WT","WT","WT","WT","WT","WT","WT","WT",0,0,0,0,0,0,0,0,0,"non-HRD"
"165","A-ID-FKJ4X","WT","WT","WT","WT","WT","WT","WT","WT",0,0,0,0,0,0,0,0,0,"non-HRD"
"166","A-ID-91YVE","WT","WT","WT","WT","WT","WT","WT","WT",0,0,0,0,0,0,0,0,0,"non-HRD"
"167","A-ID-QX1L5","Missense_driver","WT","WT","WT","WT","WT","WT","WT",0,0,0,0,0,0,0,0,0,"non-HRD"
"168","A-ID-KTQUR","WT","WT","WT","WT","WT","WT","WT","WT",0,0,0,0,0,0,0,0,0,"non-HRD"
"169","A-ID-M9Q3I","Splice_driver","WT","WT","WT","WT","WT","WT","WT",0,0,0,0,0,0,0,0,0,"non-HRD"
"170","A-ID-1LIRO","Missense_driver","WT","WT","WT","WT","WT","WT","WT",0,0,0,0,0,1,0,0,1,"non-HRD"
"171","A-ID-1ESMD","WT","WT","WT","Truncating_driver","WT","WT","WT","WT",1,0,0,0,0,0,0,0,0,"non-HRD"
"172","A-ID-8KDCO","WT","WT","WT","WT","WT","WT","WT","WT",0,0,0,0,0,0,0,0,0,"gBRCA2"
"173","A-ID-4YSER","Missense_driver","WT","WT","WT","WT","WT","WT","WT",0,0,0,0,0,0,0,0,0,"non-HRD"
"174","A-ID-LLAYS","WT","WT","WT","WT","WT","WT","WT","WT",0,0,0,0,0,0,0,0,0,"non-HRD"
"175","A-ID-U28N6","Missense_driver","WT","WT","WT","WT","Truncating_driver","WT","WT",0,0,0,0,0,0,1,0,1,"non-HRD"
"176","A-ID-RR7EV","Missense_driver","WT","Deletion","WT","WT","WT","WT","WT",0,1,0,0,0,0,0,0,1,"non-HRD"
"177","A-ID-CSWB1","WT","WT","WT","WT","WT","Deletion","WT","WT",0,0,0,0,0,0,1,0,1,"non-HRD"
"178","A-ID-X2SFS","WT","Truncating_driver","WT","WT","WT","WT","WT","WT",0,0,0,0,0,0,0,0,0,"non-HRD"
"179","A-ID-FIMAJ","WT","WT","WT","WT","WT","WT","WT","WT",0,0,0,0,0,0,0,0,0,"non-HRD"
"180","A-ID-TP0XX","WT","Truncating_driver","WT","WT","WT","WT","WT","WT",0,0,0,0,0,0,0,0,0,"non-HRD"
"181","A-ID-DUMOY","WT","WT","WT","WT","WT","WT","WT","WT",0,0,0,0,0,0,0,0,0,"non-HRD"
"182","A-ID-93MHY","Missense_driver","WT","WT","WT","WT","WT","WT","WT",0,0,0,0,0,0,0,0,0,"non-HRD"
"183","A-ID-NFHZN","WT","WT","WT","WT","WT","WT","WT","WT",0,0,0,0,0,0,0,0,0,"non-HRD"
"184","A-ID-ZJKQG","WT","Truncating_driver","WT","WT","WT","WT","WT","WT",0,0,0,0,0,0,0,0,0,"non-HRD"
"185","A-ID-75L1F","Missense_driver","WT","WT","WT","WT","WT","WT","WT",0,0,0,0,0,1,0,0,1,"non-HRD"
"186","A-ID-JHHYW","WT","WT","WT","Truncating_driver","WT","WT","WT","WT",1,0,0,0,0,0,0,0,0,"gBRCA2"
"187","A-ID-9Q72G","WT","WT","WT","WT","WT","WT","WT","WT",0,0,0,0,0,0,0,0,0,"non-HRD"
"188","A-ID-IXDQ4","Missense_driver","WT","WT","WT","WT","WT","WT","WT",0,0,0,0,0,0,0,0,0,"non-HRD"
"189","A-ID-TPJ52","WT","WT","WT","WT","WT","WT","Truncating_driver","WT",0,0,1,0,0,0,0,0,1,"gBRCA2"
"190","A-ID-9TATV","WT","WT","WT","WT","WT","WT","WT","WT",0,0,0,0,0,0,0,0,0,"non-HRD"
"191","A-ID-64KS9","WT","WT","WT","WT","WT","WT","WT","WT",0,0,0,0,0,0,0,0,0,"non-HRD"
"192","A-ID-FN8OV","Splice_driver","WT","WT","WT","WT","WT","WT","WT",0,0,0,0,0,0,0,0,0,"non-HRD"
"193","A-ID-AADDE","WT","WT","WT","WT","WT","WT","WT","WT",0,0,0,0,0,0,0,0,0,"non-HRD"
"194","A-ID-0G4GH","Missense_driver","WT","WT","WT","WT","WT","WT","WT",0,0,0,0,0,0,0,0,0,"non-HRD"
"195","A-ID-CUQBL","Missense_driver","WT","WT","WT","WT","WT","WT","WT",0,0,0,0,0,0,0,0,0,"non-HRD"
"196","A-ID-21E1Q","Truncating_driver","WT","WT","WT","WT","WT","WT","WT",0,0,0,0,0,0,0,0,0,"non-HRD"
"197","A-ID-F5HRN","Missense_driver","WT","WT","WT","WT","WT","WT","WT",0,0,0,0,0,0,0,0,0,"non-HRD"
"198","A-ID-PZYY8","Truncating_driver","WT","WT","WT","WT","WT","WT","WT",0,0,0,0,0,0,0,0,0,"non-HRD"
"199","A-ID-95EG7","WT","WT","WT","WT","WT","WT","WT","WT",0,0,0,0,0,0,0,0,0,"non-HRD"
"200","A-ID-AKSFG","WT","WT","WT","WT","WT","WT","WT","WT",0,0,0,0,0,0,0,0,0,"non-HRD"
"201","A-ID-RD3XY","Truncating_driver","Truncating_driver","WT","WT","WT","WT","WT","WT",0,0,0,0,0,0,0,0,0,"non-HRD"
"202","A-ID-ONZXE","WT","WT","WT","WT","WT","WT","WT","WT",0,0,0,0,0,0,0,0,0,"gBRCA2"
"203","A-ID-CPJAM","WT","WT","WT","WT","WT","WT","WT","WT",0,0,0,0,0,0,0,0,0,"non-HRD"
"204","A-ID-9RYTM","WT","WT","WT","WT","WT","WT","WT","WT",0,0,0,0,0,0,0,0,0,"non-HRD"
"205","A-ID-MYGD3","WT","WT","WT","WT","WT","WT","WT","WT",0,0,0,0,0,0,0,0,0,"non-HRD"
"206","A-ID-19JA1","WT","WT","WT","WT","WT","WT","WT","WT",0,0,0,0,0,0,0,0,0,"non-HRD"
"207","A-ID-VXWMP","WT","WT","WT","WT","WT","WT","WT","WT",0,0,0,0,0,0,0,0,0,"non-HRD"
"208","A-ID-F5LN6","WT","WT","WT","WT","WT","WT","WT","WT",0,0,0,0,0,0,0,0,0,"non-HRD"
"209","A-ID-2XUSQ","WT","WT","WT","WT","WT","WT","WT","WT",0,0,0,0,0,0,0,0,0,"non-HRD"
"210","A-ID-2M1WI","WT","WT","WT","WT","WT","WT","WT","WT",0,0,0,0,0,0,0,0,0,"non-HRD"
"211","A-ID-D6S9Z","WT","WT","WT","WT","WT","WT","WT","WT",0,0,0,0,0,0,0,0,0,"non-HRD"
"212","A-ID-1MA40","WT","WT","WT","WT","WT","WT","WT","WT",0,0,0,0,0,0,0,0,0,"gBRCA2"
"213","A-ID-TKMKG","Truncating_driver","WT","Missense_driver","WT","WT","WT","WT","WT",0,1,0,0,0,0,0,0,1,"non-HRD"
"214","A-ID-L636J","WT","WT","WT","WT","WT","WT","WT","WT",0,0,0,0,0,0,0,0,0,"non-HRD"
"215","A-ID-3DQLC","Truncating_driver","WT","WT","WT","WT","WT","WT","WT",0,0,0,0,0,0,0,0,0,"non-HRD"
"216","A-ID-JVT3W","WT","WT","WT","WT","WT","WT","WT","WT",0,0,0,0,0,0,0,0,0,"non-HRD"
"217","A-ID-72L57","WT","WT","WT","WT","WT","WT","WT","WT",0,0,0,0,0,0,0,0,0,"non-HRD"
"218","A-ID-G8EXH","WT","WT","WT","Splice_driver","WT","WT","WT","WT",1,0,0,0,0,0,0,0,0,"gBRCA2"
"219","A-ID-ET662","WT","WT","WT","WT","WT","WT","WT","WT",0,0,0,0,0,0,0,0,0,"non-HRD"
"220","A-ID-F8DW2","Missense_driver","WT","WT","Truncating_driver","WT","WT","WT","WT",1,0,0,0,0,0,0,0,0,"non_B2_HRD"
"221","A-ID-7A7YF","WT","WT","WT","WT","WT","WT","WT","WT",0,0,0,0,0,0,0,0,0,"non-HRD"
"222","A-ID-H5ETL","Missense_driver","WT","Deletion","WT","WT","WT","WT","WT",0,1,0,0,0,0,0,0,1,"non_B2_HRD"
"223","A-ID-VQCMU","WT","WT","WT","WT","WT","WT","WT","WT",0,0,0,0,0,0,0,0,0,"non-HRD"
"224","A-ID-3UT80","WT","WT","WT","WT","WT","WT","WT","WT",0,0,0,0,0,0,0,0,0,"non-HRD"
"225","A-ID-GKW8C","WT","WT","WT","Truncating_driver","WT","WT","WT","WT",1,0,0,0,0,0,0,0,0,"gBRCA2"
"226","A-ID-WP0KI","Missense_driver","WT","WT","WT","WT","WT","WT","WT",0,0,0,0,0,0,0,0,0,"non_B2_HRD"
"227","A-ID-NJ6G5","WT","WT","WT","WT","WT","WT","WT","WT",0,0,0,0,0,0,0,0,0,"non-HRD"
"228","A-ID-DGY8U","WT","WT","WT","WT","WT","WT","WT","WT",0,0,0,0,0,0,0,0,0,"non-HRD"
"229","A-ID-1VI96","Missense_driver","WT","WT","WT","WT","WT","WT","WT",0,0,0,0,0,0,0,0,0,"non-HRD"
"230","A-ID-087G2","WT","WT","WT","WT","WT","WT","WT","WT",0,0,0,0,0,0,0,0,0,"non-HRD"
"231","A-ID-QS5PX","WT","WT","WT","WT","WT","WT","WT","WT",0,0,0,0,0,0,0,0,0,"non-HRD"
"232","A-ID-D7KL5","WT","WT","WT","WT","WT","WT","WT","WT",0,0,0,0,0,0,0,0,0,"non-HRD"
"233","A-ID-06UAY","WT","WT","WT","WT","WT","WT","WT","WT",0,0,0,0,0,0,0,0,0,"non-HRD"
"234","A-ID-1V4RH","WT","WT","WT","WT","WT","WT","WT","WT",0,0,0,0,0,0,0,0,0,"non-HRD"
"235","A-ID-DGNZZ","WT","WT","WT","WT","WT","WT","WT","WT",0,0,0,0,0,0,0,0,0,"non-HRD"
"236","A-ID-BCOL3","WT","WT","WT","WT","WT","WT","WT","WT",0,0,0,0,0,0,0,0,0,"non-HRD"
"237","A-ID-VE1FV","WT","Truncating_driver","WT","WT","WT","WT","WT","WT",0,0,0,0,0,0,0,0,0,"non-HRD"
"238","A-ID-O5PUS","Missense_driver","WT","WT","WT","WT","WT","WT","WT",0,0,0,0,0,0,0,0,0,"non-HRD"
"239","A-ID-GMPA6","WT","WT","WT","WT","WT","WT","WT","WT",0,0,0,0,0,0,0,0,0,"non-HRD"
"240","A-ID-CJI3Q","Missense_driver","WT","WT","WT","WT","WT","WT","WT",0,0,0,0,0,0,0,0,0,"non-HRD"
"241","A-ID-3K2QP","Missense_driver","WT","WT","WT","WT","WT","WT","WT",0,0,0,0,0,1,0,0,1,"non_B2_HRD"
"242","A-ID-AWMTU","WT","WT","WT","WT","WT","WT","WT","WT",0,0,0,0,0,0,0,0,0,"non_B2_HRD"
"243","A-ID-35ELI","Missense_driver","WT","WT","WT","WT","WT","WT","WT",0,0,0,0,0,1,0,0,1,"non-HRD"
"244","A-ID-DUUKB","WT","WT","WT","WT","WT","WT","WT","WT",0,0,0,0,0,0,0,0,0,"non-HRD"
"245","A-ID-Q01J9","WT","WT","WT","WT","WT","WT","WT","WT",0,0,0,0,0,0,0,0,0,"non-HRD"
"246","A-ID-LUNE0","Deletion","Truncating_driver","WT","WT","WT","WT","WT","WT",0,0,0,0,0,0,0,1,1,"non-HRD"
"247","A-ID-D39BG","Missense_driver","WT","WT","WT","WT","WT","WT","WT",0,0,0,0,0,1,0,0,1,"non-HRD"
"248","A-ID-2KHUA","Missense_driver","WT","WT","WT","WT","WT","WT","WT",0,0,0,0,0,0,0,0,0,"non-HRD"
"249","A-ID-CWRVS","WT","Truncating_driver","WT","WT","WT","WT","WT","WT",0,0,0,0,0,0,0,0,0,"non-HRD"
"250","A-ID-CBVVF","WT","Truncating_driver","Truncating_driver","WT","WT","WT","WT","WT",0,1,0,0,0,0,0,0,1,"non-HRD"
"251","A-ID-RIXYR","WT","WT","WT","WT","WT","WT","WT","WT",0,0,0,0,0,0,0,0,0,"non-HRD"
"252","A-ID-831E2","WT","WT","WT","Truncating_driver","WT","WT","WT","WT",1,0,0,0,0,0,0,0,0,"non-HRD"
"253","A-ID-N3CZI","WT","WT","Splice_driver; acquired","Truncating_driver","WT","WT",NA,NA,1,1,0,0,0,1,0,0,1,"gBRCA2"
"254","A-ID-MVE5A","Truncating_driver","WT","WT","WT","WT","WT","WT","WT",0,0,0,0,0,0,0,0,1,"non_B2_HRD"
"255","A-ID-EVH8D","WT","WT","WT","WT","WT","WT","WT","WT",0,0,0,0,0,0,0,0,0,"non-HRD"
"256","A-ID-IGW3C","Missense_driver","WT","WT","WT","WT","WT","WT","WT",0,0,0,0,0,1,0,0,1,"non-HRD"
"257","A-ID-9URKC","WT","WT","WT","WT","WT","WT","WT","WT",0,0,0,0,0,0,0,0,0,"non-HRD"
"258","A-ID-YTLCL","Truncating_driver","WT","WT","WT","WT","WT","WT","WT",0,0,0,0,0,0,0,0,0,"non-HRD"
"259","A-ID-30K7Y","WT","WT","WT","WT","WT","WT","WT","WT",0,0,0,0,0,0,0,0,0,"non-HRD"
"260","A-ID-EIGRA","Splice_driver","WT","WT","WT","WT","WT","WT","WT",0,0,0,0,0,0,0,0,0,"non-HRD"
"261","A-ID-3600J","WT","WT","WT","WT","WT","WT","WT","WT",0,0,0,0,0,0,0,0,0,"non-HRD"
"262","A-ID-GZOPS","WT","WT","WT","WT","WT","WT","WT","WT",0,0,0,0,0,0,0,0,0,"non-HRD"
"263","A-ID-BN5RM","WT","WT","WT","WT","WT","WT","WT","WT",0,0,0,0,0,0,0,0,0,"non-HRD"
"264","A-ID-N4P14","WT","WT","WT","WT","WT","WT","WT","Deletion",0,0,0,1,0,0,0,0,1,"non-HRD"
"265","A-ID-GTZHB","Truncating_driver","WT","WT","WT","WT","WT","WT","WT",0,0,0,0,0,1,0,0,1,"non-HRD"
"266","A-ID-S2SSE","Splice_driver","WT","WT","WT","WT","WT","WT","WT",0,0,0,0,0,0,0,0,0,"non-HRD"
"267","A-ID-D2CPK","Truncating_driver","Truncating_driver","WT","WT","WT","WT","WT","WT",0,0,0,0,0,1,0,0,1,"non-HRD"
"268","A-ID-5UIDP","WT","WT","Missense_driver","WT","WT","WT","WT","WT",0,1,0,0,0,0,0,0,1,"non-HRD"
"269","A-ID-SYCHW","Truncating_driver","WT","WT","WT","WT","WT","WT","WT",0,0,0,0,0,0,0,0,0,"non_B2_HRD"
"270","A-ID-VJ0KH","WT","Truncating_driver","WT","WT","WT","WT","WT","WT",0,0,0,0,0,0,0,0,0,"non-HRD"
"271","A-ID-X3NPN","WT","WT","WT","WT","WT","WT","WT","WT",0,0,0,0,0,0,0,0,0,"non-HRD"
"272","A-ID-FLLRP","WT","WT","WT","WT","WT","WT","WT","WT",0,0,0,0,0,0,0,0,0,"non-HRD"
"273","A-ID-F26VN","Missense_driver","WT","WT","WT","WT","WT","WT","WT",0,0,0,0,0,0,0,0,0,"non-HRD"
"274","A-ID-2CN3C","Missense_driver","WT","WT","WT","WT","WT","WT","WT",0,0,0,0,0,0,0,0,0,"non_B2_HRD"
"275","A-ID-2X346","WT","WT","WT","WT","WT","WT","WT","WT",0,0,0,0,0,0,0,0,0,"non-HRD"
"276","A-ID-85IDX","WT","WT","WT","WT","WT","WT","WT","WT",0,0,0,0,0,0,0,0,0,"non-HRD"
"277","A-ID-7WC9N","WT","WT","WT","WT","WT","WT","WT","WT",0,0,0,0,0,0,0,0,0,"non-HRD"
"278","A-ID-28OXX","WT","WT","WT","WT","WT","WT","WT","WT",0,0,0,0,0,0,0,0,0,"non-HRD"
"279","A-ID-LLTJW","Missense_driver","WT","WT","WT","WT","WT","WT","WT",0,0,0,0,0,0,0,0,0,"non-HRD"
"280","A-ID-0LVH1","WT","WT","WT","WT","WT","WT","WT","WT",0,0,0,0,0,0,0,0,0,"non-HRD"
"281","A-ID-DPEF1","WT","WT","WT","WT","WT","WT","WT","WT",0,0,0,0,0,0,0,0,0,"non-HRD"
"282","A-ID-76R29","WT","WT","WT","WT","WT","WT","WT","WT",0,0,0,0,0,0,0,0,0,"non-HRD"
"283","A-ID-YR51Y","WT","WT","WT","WT","WT","WT","WT","WT",0,0,0,0,0,0,0,0,0,"non-HRD"
"284","A-ID-GSMJ7","WT","WT","WT","WT","WT","WT","WT","WT",0,0,0,0,0,0,0,0,0,"non-HRD"
"285","A-ID-A1VYA","Missense_driver","WT","WT","WT","WT","WT","WT","WT",0,0,0,0,0,1,0,0,1,"non-HRD"
"286","A-ID-0D615","WT","WT","WT","WT","WT","WT","WT","WT",0,0,0,0,0,0,0,0,0,"non-HRD"
"287","A-ID-WHC7Y","WT","WT","WT","Truncating_driver","WT","WT","WT","WT",1,0,0,0,0,0,0,0,0,"non-HRD"
"288","A-ID-L20U2","WT","WT","WT","WT","WT","WT","WT","WT",0,0,0,0,0,0,0,0,0,"non-HRD"
"289","A-ID-OAYMP","Missense_driver","WT","WT","WT","WT","WT","WT","WT",0,0,0,0,0,0,0,0,0,"non-HRD"
"290","A-ID-ZE8TR","WT","WT","WT","WT","WT","WT","WT","WT",0,0,0,0,0,0,0,0,0,"non-HRD"
"291","A-ID-IM4ZY","Splice_driver","WT","WT","WT","WT","WT","WT","WT",0,0,0,0,0,0,0,0,0,"gBRCA2"
"292","A-ID-45I7I","Truncating_driver","WT","WT","WT","WT","WT","WT","WT",0,0,0,0,0,1,0,0,1,"non_B2_HRD"
"293","A-ID-EW93F","WT","WT","WT","WT","WT","WT","WT","WT",0,0,0,0,0,0,0,0,0,"non-HRD"
"294","A-ID-GBK2R","Missense_driver","WT","WT","Truncating_driver","WT","WT","WT","WT",1,0,0,0,0,1,0,0,1,"non-HRD"
"295","A-ID-71XLU","WT","WT","Deletion","WT","WT","WT","WT","WT",0,1,0,0,0,0,0,0,1,"non-HRD"
"296","A-ID-BYD76","WT","WT","WT","WT","WT","WT","WT","WT",0,0,0,0,0,0,0,0,0,"non-HRD"
"297","A-ID-6NVUC","Missense_driver","WT","WT","WT","WT","WT","WT","WT",0,0,0,0,0,0,0,0,0,"non-HRD"
"298","A-ID-27IIV","WT","WT","WT","WT","WT","WT","WT","WT",0,0,0,0,0,0,0,0,0,"non-HRD"
"299","A-ID-V7FLJ","WT","WT","WT","WT","WT","WT","WT","WT",0,0,0,0,0,0,0,0,0,"non-HRD"
"300","A-ID-GVTW7","WT","WT","WT","WT","WT","WT","WT","WT",0,0,0,0,0,0,0,0,0,"non-HRD"
"301","A-ID-S0EYI","Missense_driver","WT","WT","WT","WT","WT","WT","WT",0,0,0,0,0,1,0,0,1,"non-HRD"
"302","A-ID-473IC","Missense_driver","WT","WT","WT","WT","WT","WT","WT",0,0,0,0,0,1,0,0,1,"non-HRD"
"303","A-ID-IDD40","WT","WT","WT","WT","WT","WT","WT","WT",0,0,0,0,0,0,0,0,0,"non-HRD"
"304","A-ID-B1Z5O","WT","WT","WT","WT","WT","WT","WT","WT",0,0,0,0,0,0,0,0,0,"non-HRD"
"305","A-ID-MQVWN","Missense_driver","WT","WT","WT","WT","Truncating_driver","WT","WT",0,0,0,0,0,0,1,0,1,"non_B2_HRD"
"306","A-ID-292Q5","WT","WT","WT","WT","WT","WT","WT","WT",0,0,0,0,0,0,0,0,0,"non-HRD"
"307","A-ID-656IN","Missense_driver","WT","WT","WT","WT","WT","WT","WT",0,0,0,0,0,0,0,0,0,"non-HRD"
"308","A-ID-JJAGN","WT","WT","WT","WT","WT","WT","WT","WT",0,0,0,0,0,0,0,0,0,"non-HRD"
"309","A-ID-5YQXJ","WT","Truncating_driver","WT","WT","WT","WT","WT","WT",0,0,0,0,0,0,0,1,1,"non-HRD"
"310","A-ID-17UAX","WT","WT","WT","WT","WT","WT","WT","WT",0,0,0,0,0,0,0,0,0,"non-HRD"
"311","A-ID-P8IYM","WT","WT","WT","WT","WT","WT","WT","WT",0,0,0,0,0,0,0,0,0,"non-HRD"
"312","A-ID-A9IHR","WT","WT","WT","WT","WT","WT","WT","WT",0,0,0,0,0,0,0,0,0,"non-HRD"
"313","A-ID-HSE05","WT","WT","WT","WT","WT","WT","WT","WT",0,0,0,0,0,0,0,0,0,"non-HRD"
"314","A-ID-KG7DN","WT","WT","WT","WT","WT","WT","WT","WT",0,0,0,0,0,0,0,0,0,"non-HRD"
"315","A-ID-GCXH1","WT","WT","WT","WT","WT","WT","WT","WT",0,0,0,0,0,0,0,0,0,"non_B2_HRD"
"316","A-ID-GGGB7","WT","WT","WT","WT","WT","WT","WT","WT",0,0,0,0,0,0,0,0,0,"non-HRD"
"317","A-ID-FCC7O","Truncating_driver","WT","WT","WT","WT","WT","WT","WT",0,0,0,0,0,1,0,0,1,"non-HRD"
